NAME,URL,SECTOR,TWITTER,DATA SOURCE
100 Minds,www.100minds.org,Philanthropy & Social Good,@100minds,Dogpatch
247meeting,http://www.247meeting.com,Telecommunications & Networking,,Dublin BIC
2Checkout,http://www.2checkout.com,eCommerce,@2checkout,Crunchbase
2PaperDolls,http://2paperdolls.com,Entertainment & Publishing,@2paperdolls,"Bank of Ireland, AIB"
3D Interactive Learning Technologies,http://3dingenuity.ie/,EdTech,@3dingenuity,Bank of Ireland
3D4Medical,http://www.3d4medical.com/,Digital Health,@3d4medical,"IVCA, AIB"
3dcadsoft,http://www.3dcadsoft.com,Big Data & Analytics,,Crunchbase
3Funnel,http://www.3funnel.com,eCommerce,@3funnel,"NDRC, AIB"
3Strata Technologies,http://www.3strata.com/,Digital Health,@Incaplex,Nova UCD
3V Transaction Services,http://www.3vcorporate.com,FinTech,,"Bank of Ireland, AIB"
4property.com,4property.com,Enterprise,@4_property,Nova UCD
Ã“l App,http://www.olapp.co,Big Data & Analytics,@ol_app,"Bank of Ireland, IVCA"
A5 Technologies,http://www.a5pro.com/,EdTech,@A5Technologies,"EI, Synergy Centre"
Absorb,http://www.absorb.ie,Advertising & Marketing,@absorbIRL,Crunchbase
Access Earth,http://www.accessearth.org/,Enterprise,@teamaccessearth,Web Summit
Access Education Ltd,http://www.primaryschools.ie/,EdTech,@SchoolEnrolment,
AccessoLife,http://www.accessolife.com/#intro-accessolife,eCommerce,@AccessoTechLife,Web Summit
Ace  ,www.discoverace.com,Sports,,
ACE Health,http://www.acehealth.co,Digital Health,@acehealthco,"Trinity Research & Innovation, AIB, DCU Ryan Academy, Accenture"
Acquirer Systems,http://www.acquirer.com/,Security & Encryption,@Acquirer,"AIB, Accenture"
Acteavo,http://www.acteavo.com,Travel,@acteavo,"Dublin BIC, Bank of Ireland"
ActivateClients,http://activateclients.com,FinTech,,Accenture
Active Mind Technology (Imee Golf),www.gameyourgame.com,EdTech,@GAMEGOLF,IVCA
Actus Mobile,www.actusmobile.com,FinTech,,Accenture
Ad4Game,http://ad4game.com,Entertainment & Publishing,@Ad4Game,Web Summit
Adama Innovations,http://adamainnovations.com/,Hardware & IoT,,"AIB, Trinity Research & Innovation, NDRC"
Adamans,http://www.adamans.com,Advertising & Marketing,@adamans,Bank of Ireland
Adaptemy,https://www.adaptemy.com/,EdTech,@adaptemy,EI
AdaptiveMobile,http://www.adaptive-mobile.com,Telecommunications & Networking,@adaptivemobile,"AIB, Dublin BIC"
Adfaces,http://www.adfaces.net,Advertising & Marketing,@adfaces,Bank of Ireland
Adforce.com,http://adforce.com,Advertising & Marketing,@AdforceIreland,Crunchbase
Adhesive Digital,http://adhesivedigital.com/,Advertising & Marketing,,Bank of Ireland
Adoreboard,http://www.adoreboard.com/,Big Data & Analytics,,Accenture
Adpark,http://adpark.ie,Advertising & Marketing,@adparkie,Crunchbase
Adtruism,http://adtruism.com/,Philanthropy & Social Good,@adtruism,Silicon Republic
Adyuka,http://www.adyuka.com,Advertising & Marketing,@adyukateam,NDRC
Aerocoin,http://aerocoin.io/,FinTech,@aerocoin2,Trinity Research & Innovation
Aerospace Software Developments,http://www.aerospacedevelopments.com/welcome/welcome.html,Enterprise,,AIB
AerPods,http://www.aerpods.com,Travel,,Dublin BIC
Aertv,http://www.aertv.ie,Advertising & Marketing,@aertv,Crunchbase
Aficionado Technologies,http://www.aficionado.ie/,Enterprise,@aficionado_ie,"DCU, Nova UCD"
Aftering,http://www.aftering.com/,Philanthropy & Social Good,@After_WhatNow,NDRC
AgendaSec,http://www.agendasec.ie/,Security & Encryption,@AgendaSec,GEC
Agile Technologies,http://www.agiletoolkit.org/,Enterprise,@atk4,GEC
Agricultural Magnetics,www.maggrow.com,Environment (green/clean),,"Nova UCD, Accenture"
Agtel,http://www.agtel.ie,Advertising & Marketing,@agtel,Bank of Ireland
Aircraft Management Technologies,http://www.flightman.com,Enterprise,@flightman_efb,Bank of Ireland
Akari Software,www.akarisoftware.com,EdTech,@Akarisoftware,Coworkinn
Akita,https://www.akitaapp.com/,Enterprise,@akitaapp,NDRC
Alba Innovations,http://www.albainnovations.com/,Hardware & IoT,,NDRC
Aldaco Ltd,http://www.adyuka.com/,Advertising & Marketing,@adyukateam,NDRC
Aliquo,http://www.aliquo.ie/,eCommerce,,DCSO
Allergy Standards,http://www.allergystandards.com/,Digital Health,,"AIB, Trinity Research & Innovation"
Allied Automation,http://www.allied-auto.com/,MedTech,,AIB
Allpro,http://www.allpro.eu,Entertainment & Publishing,@sarahjames486,Bank of Ireland
Alpha Payments Cloud,http://www.alphapaymentscloud.com,FinTech,@AlphaPayments,Crunchbase
Altascience,http://www.altascience.ie/,MedTech,,AIB
Altion,http://altion.com/,Telecommunications & Networking,,AIB
Altocloud,http://www.altocloud.com/,Big Data & Analytics,@altocloud,
Amartus,http://www.amartus.com,Enterprise,@amartus_sds,AIB
Amasat Ltd,http://www.amasat.com/,Big Data & Analytics,@appSelekt,NDRC
Amber,http://ambercentre.ie/,MedTech,@ambercentre,Trinity
Ambisense,www.ambisense.net,Environment (green/clean),@ambisense_ltd,DCU Innovation
Amcs,http://www.amcsgroup.com/,Environment (green/clean),,
Amigo Media,http://www.amigomedia.ie/,Advertising & Marketing,,"AIB, IADT Media Cube"
Ammeon,http://www.ammeon.com/,Enterprise,,AIB
Amulet Devices,http://www.amuletdevices.com/,Hardware & IoT,@amuletdevices,Dublin BIC
An CosÃ¡n,http://www.learnosity.com/,EdTech,@ancosanVCC,EI
An Cosan VCC,http://ancosanvcc.com/,Philanthropy & Social Good,@AnCosan_VCC,
Anam Mobile,http://www.anam.com,Telecommunications & Networking,,Bank of Ireland
Animo Television,http://animo.ie/,Entertainment & Publishing,@animotelevision,AIB
Answer Device,http://answerdevice.com/,Hardware & IoT,,HBAN
Antuar,www.antuar.com,Enterprise,@antuar,Accenture
Aonta Technologies,http://www.aonta.com,Enterprise,@aontatech,"AIB, Accenture"
Apc,www.approcess.com,MedTech,,"Nova UCD, Accenture"
AppAce learning Solution,http://legion.ie/,EdTech,@appacegames,IADT Media Cube
Apperbook,http://www.aPperbook.com,"EdTech, Enterprise",@apperbook,"HBAN, Digital Hub, Accenture"
Applied Intelligence Analytics,http://www.aianalytics.ie/,Big Data & Analytics,,
Applied Process Company,http://www.approcess.com/,Environment (green/clean),,Nova UCD
Applied Research for Connected Health,http://www.arch.ie/,Digital Health,@arch_ie_ucd,Nexus UCD
Appointz,http://www.appointz.com/,Telecommunications & Networking,@Appointz_,DCU Ryan Academy
Approximity,http://www.approximity.ie/,Social Media,,DCSO
AppSelekt,http://www.appselekt.com/,Enterprise,@AppSelekt,"DCU Ryan Academy, NDRC"
Appuchino,http://appuchino.ie/,Enterprise,@appuchino,Silicon Republic
AQ Metrics Ltd,www.aqmetrics.com,Enterprise,@aqmetrics,Accenture
AquaChia,http://www.launchbox.ie/cohort/,eCommerce,,Trinity Research & Innovation
Arann Healthcare,http://www.arannhealthcare.ie/,MedTech,,DCSO
Archsure,www.archsure.net,Enterprise,@kc_ie,DIT Hothouse
Arconics,http://www.arconics.com/,Enterprise,@Arconics,AIB
Arcutel,https://arcutel.com/,Telecommunications & Networking,@arcutel,Silicon Republic
Ardan1,http://www.ardan1.com/,Enterprise,,DCSO
Argutus Medical,www.ekfdiagnostics.com,MedTech,@EKFdiagnostics,AIB
Aritzan Creative,http://www.artizan.ie/,Enterprise,@artizancreative,AIB
Artomatix,http://artomatix.com/,Enterprise,@Artomatixltd,"DCU Ryan Academy, Silicon Republic, NDRC, Trinity Research & Innovation"
Asavie,http://www.asavie.com/,Enterprise,@Asavie,"AIB, IBEC, ISA"
Aspire Technology,http://www.aspiretechnology.com/,Telecommunications & Networking,@PerfectNetWrks,AIB
Assess Patients,www.assesspatients.com,Digital Health,@@assesspatients,Dell
Assist Garments,http://www.assistgarments.com,MedTech,@AssistGarments,"IADT Media Cube, DIT Hothouse"
Assured Web Services,http://www.assured.ie/,Enterprise,@AssuredWeb,"Web Summit, Accenture"
Athena Media,www.athenamedia.ie,Advertising & Marketing,@athenamediaie,AIB
Auto Angel,http://autoangel.ie/,Enterprise,@AutoAngelHQ,Web Summit
Autoaddress,https://www.autoaddress.ie/,Enterprise,,"IBEC, ISA"
Automsoft,http://www.automsoft.com/,Enterprise,,AIB
Avamind,www.avamind.com,Digital Health,,Dogpatch
Avectas,http://www.avectas.com/,MedTech,,Maynooth University
Avvio,www.avvio.com,Travel,,Accenture
Awesound,https://awesound.com,Entertainment & Publishing,@AwesoundApp,Web Summit
Axonista,http://www.axonista.com/,Entertainment & Publishing,@axonista,AIB
Ayda Technologies,http://www.ayda.co/,MedTech,,
Aylien,http://aylien.com/,Big Data & Analytics,@_aylien,Web Summit
B-sm@ark,http://www.b-smark.com/,Advertising & Marketing,@rtmysmark,NDRC
Babco Europe,http://babcoeurope.com/,eCommerce,@babcoeurope,AIB
BalconyTV,balconytv.com,Entertainment & Publishing,@BalconyTV,AIB
Balls,http://www.balls.ie/,Entertainment & Publishing,@ballsdotie,"NDRC, DIT Hothouse"
Bankhawk,https://www.bankhawk.com/,FinTech,@bankhawk,"AIB, GEC, Accenture"
BarracudaFX,www.barracudafx.com,FinTech,,"AIB, Accenture"
Barricade Security Systems,https://barricade.io/,Security & Encryption,,AIB
Base App,https://getbase.com/,Enterprise,,DCSO
Baywater Healthcare,http://www.baywater.ie/,MedTech,,AIB
Beaconfy,https://www.beaconfy.com/,Enterprise,@beaconfy,Web Summit
BeaconLabs,http://beaconlabs.ie/,Enterprise,,DCSO
Beanbag Sports,www.beanbagsports.com,Entertainment & Publishing,@@BeanBagSports,Dell
Beats Medical Limited,http://www.beatsmedical.com/,Digital Health,@BeatsMedical,"AIB, ISA, Trinity Research & Innovation"
Beatselecta,www.beatselecta.com,Entertainment & Publishing,,NDRC
BeautifEye,www.beautifeye.co,Social Media,,DIT Hothouse
Ben & Anvil,http://benandanvil.com/,Entertainment & Publishing,,
Benetel,http://www.benetel.com/,Telecommunications & Networking,,AIB
Berand,http://www.berand.ie/,MedTech,,"AIB, Nova UCD, Accenture"
Best Man App,http://www.bestmanapp.com/,Entertainment & Publishing,,DCSO
Better Energy Management,http://www.bem-ltd.com,Environment (green/clean),,Crunchbase
Better Examinations.ie,http://betterexaminations.ie,EdTech,@james_eggers,Bank of Ireland
Beutifi,https://beutifi.com/,Digital Health,@BEUTiFiOfficial,"DIT Hothouse, NDRC"
Bgate,http://www.bgate.com,Enterprise,,IADT Media Cube
BiancaMed,http://www.biancamed.com/,MedTech,,"AIB, Accenture"
Big Bang,https://bigbang.ie/,Enterprise,@bigbangireland,Digital Hub
Big Red Cloud,http://bigredcloud.com,Enterprise,@bigredcloud,"AIB, Dublin BIC"
BikeBox,http://thebikeboxclub.com/,Sports,@TheBikeboxClub,Web Summit
Billfaster,www.billfaster.com,FinTech,,"AIB, DCU Ryan Academy, IADT Media Cube"
Bimeda,http://www.bimeda.ie/,Environment (green/clean),,AIB
Biocroi,http://www.advancedmicroplates.com,MedTech,@biocroi,"AIB, Trinity Research & Innovation, Accenture"
Biopharma Watch,http://www.biopharmawatch.com/,MedTech,,NDRC
Bioplastech,http://www.tcbb.ie/bioplastics,Environment (green/clean),,"AIB, Nova UCD, Accenture"
Bioscreen Health,http://bioscreenhealth.com/,MedTech,,NDRC
Biosensia,http://www.biosensia.com,MedTech,,"AIB, UCD Innovation, Accenture"
Biosystems Engineering,http://www.bioe.ie,Environment (green/clean),,"Nova UCD, Accenture"
Birbl,http://birbl.com,Travel,@birbltweets,Dublin BIC
Birdleaf,http://birdleaf.io/,Advertising & Marketing,@birdleafio,Crunchbase
Bisees,http://bisees.com/,FinTech,@BiseesMarketing,Crunchbase
Bitesize Irish Gaelic,http://www.bitesizeirishgaelic.com,EdTech,,Bank of Ireland
BitRabbit,http://www.bitrabbit.net/,Entertainment & Publishing,,AIB
Bizbaze,http://www.bizbaze.com,Enterprise,@bizbaze,"GEC, Accenture"
Bizimply,http://www.bizimply.com,HR & Recruitment,@Bizimply,"ISA, NDRC, Web Summit, Accenture"
Black Onyx Interactive,http://www.blackonyx.ie/2015/,Enterprise,@BlackOnyxWeb,"AIB, GEC"
Blastbeat,http://www.blastbeat.org,Entertainment & Publishing,@blastbeat_uk,Crunchbase
Blazer,http://www.blazer.buzz,Hardware & IoT,,"Launchbox, Trinity College Dublin"
BlikBook,http://blikbook.com,EdTech,@BlikBook,AIB
Bloc Buy,http://www.blocbuy.com,eCommerce,,Dublin BIC
Bloomberg Polarlake,http://www.bloombergpolarlake.com/,Big Data & Analytics,,AIB
Bluebear,http://www.bluebear.ie/,Entertainment & Publishing,,AIB
Bluedog,http://www.bluedog.net,Enterprise,,Crunchbase
Blueface,http://www.blueface.ie,Telecommunications & Networking,@Bluefacemobile,"AIB, Dublin BIC"
Boards.ie,http://www.boards.ie/,Social Media,@boards,
Bodru,http://www.bodru.com,Enterprise,@BodruCloud,Bank of Ireland
Bonkers Money,http://www.bonkers.ie/,FinTech,@bonkers_ie,AIB
Bonnet Buddy,www.bonnetbuddy.ie,Enterprise,,DIT Hothouse
Bonzaquote,http://www.bonzaquote.com,eCommerce,@bonzaquote,DCU
Book A Language School,http://www.bookalanguageschool.com/,eCommerce,@BookALanguage,
Book Assist,http://www.bookassist.org/,Enterprise,@bookassist,AIB
Book E,http://www.book-e.co/,Entertainment & Publishing,,DCU Ryan Academy
Bookassist,http://bookassist.org/,Enterprise,@Bookassist,AIB
Bookbuzz,http://www.bookbuzz.biz,"Enterprise, Travel",@bizbookinsights,Bank of Ireland
BookMeetingRoom,http://www.bookmeetingroom.com,Enterprise,,Crunchbase
Boolean Tech,http://www.booleantech.net,Telecommunications & Networking,@Stitme,HBAN
Boss Metrics,http://www.bossmetrics.com,Advertising & Marketing,@bossmetrics,NDRC
BoxAngel,http://www.boxangel.com/,Big Data & Analytics,@boxangelnews,Crunchbase
Boxever,http://www.boxever.com,Big Data & Analytics,@Boxever,"NDRC, Frontline Ventures, Trinity Research & Innovation"
Boxfish,http://boxfish.com,Advertising & Marketing,@bxfsh,AIB
BoxPay,http://www.boxpay.com,FinTech,@boxpay,AIB
Braahmam,http://www.braahmam.net/,Enterprise,@Braahmam,Digital Hub
BragBet,http://www.bragbet.com,Entertainment & Publishing,@bragbet,"AIB, NDRC, Accenture"
Brandfire,http://www.brandfire.ie/,HR & Recruitment,@Brandfire1,Crunchbase
Brandkloud,http://www.brandkloud.com/,Advertising & Marketing,@brandkloud,Bank of Ireland
Brandtone,http://www.brandtone.ie,Advertising & Marketing,@Brandtone,"AIB, Bank of Ireland"
Breakout Interactive,http://www.breakoutinteractive.com,Entertainment & Publishing,,Bank of Ireland
Brim Brothers,http://www.brimbrothers.com/,eCommerce,@brimbrothers,Bank of Ireland
Bring4You,http://bring4you.com,Travel,@bring4_you,Web Summit
BriteBill,http://www.britebill.com,Telecommunications & Networking,@britebill,"AIB, Dublin BIC, ISA, Accenture"
Bsecur,http://www.b-secur.com/,Security & Encryption,,DCSO
BuildingEye,http://www.buildingeye.com/,Enterprise,,Dogpatch Labs
Bullet,http://www.bullethq.com,Enterprise,@bullethq,"Bank of Ireland, DIT Hothouse"
BullorBear,http://www.bullorbear.com,Entertainment & Publishing,@buIIorbear,"AIB, NDRC, Accenture"
Bundly,www.bundly.io,Social Media,,DIT Hothouse
Busy Moos,http://www.busymoos.com/,Telecommunications & Networking,,"Digital Hub, NDRC"
Butter,http://thisisbutter.com/,Advertising & Marketing,@butterfilms,NDRC
Buy & Sell,http://buyandsell.ie,Advertising & Marketing,,Crunchbase
Buy4Now,http://buy4now.com,eCommerce,@Buy4Now,AIB
BuyIreland,http://buyireland.com/,eCommerce,@buyireland,HBAN
Buymie,http://www.buymie.eu/,eCommerce,,Techstars
Buzzoo,http://buzzoo.fm,Entertainment & Publishing,@buzzoofm,"Digital Hub, NDRC"
Bynk,http://bynk.me,FinTech,@bynkme,"NDRC, Trinity Research & Innovation"
ByteSurgery (D4H Technologies),http://www.d4h.org/,Enterprise,@d4h,AIB
C Infinity,http://www.cinfinity.ie,Security & Encryption,@cinfinity,"AIB, Bank of Ireland"
Caboom,http://www.caboom.ie/,Entertainment & Publishing,,AIB
Calcfox,http://www.calcfox.io/,FinTech,@calcfox_io,"GEC, Accenture"
Caliber,http://www.caliber.ie,HR & Recruitment,,"Dublin BIC, AIB"
Calisto,www.calistodata.com,Enterprise,,DCU
Camara,http://camara.org,Philanthropy & Social Good,@CamaraEducation,Bank of Ireland
Camba TV,http://www.camba.tv,Security & Encryption,@cambatv,"AIB, Bank of Ireland, Trinity Research & Innovation"
CampusIT,http://www.campusit.net,Enterprise,@CampusIT,AIB
CampusRock,http://www.campusrock.com,Enterprise,@cloudstreams,Bank of Ireland
Candidate Manager,http://www.candidatemanager.net/,HR & Recruitment,,AIB
Captec,http://www.captec.ie/,Hardware & IoT,,AIB
Carbon Control,http://www.carboncontrol.com,Environment (green/clean),@carboncontrol,"Bank of Ireland, DIT Hothouse"
Carbon Decisions,http://www.carbondecisions.com,Environment (green/clean),,"Nova UCD, Accenture"
CarbonRoute,http://www.carbonroute.com/,Telecommunications & Networking,,Crunchbase
CarBuyersGuide,http://www.cbg.ie,eCommerce,@cbg_dot_ie,Bank of Ireland
Card Commerce,http://card-commerce.com/,Advertising & Marketing,@talktosavvy,"AIB, Accenture"
CareerGuidance.ie,http://www.careerguidance.ie/,HR & Recruitment,@careerg,Digital Hub
CareZapp,http://carezapp.com/,Digital Health,@CareZapp,"AIB, Silicon Republic"
Carhire,http://www.carhire.ie,eCommerce,@carhireie,Bank of Ireland
CarTrawler,http://www.cartrawler.com,Travel,@cartrawler,"AIB, Bank of Ireland"
CashAnalytics,http://www.cashanalytics.com,FinTech,@cashanalytics,Bank of Ireland
CD analytics,http://www.cdanalytics.ie,Big Data & Analytics,@cdanalytics,Bank of Ireland
Cellusys,http://www.cellusys.com/,Telecommunications & Networking,@cellusys,NDRC
Celtech Software International,http://www.celtechgroup.com/,Enterprise,@CeltechSoftware,AIB
Celtic Testing,http://celtictesting.com/,FinTech,,
CertiVox,http://www.certivox.com,Enterprise,@certivox,"Digital Hub, Invent DCU"
Cesanta,http://cesanta.com/,Hardware & IoT,@CesantaHQ,"AIB, HBAN, Web Summit"
Chainsmiths,http://chainsmiths.com/#,FinTech,@Chainsmiths,
Chameleon,http://chameleon.ad/,Advertising & Marketing,,Connect Ireland
ChangePanda,http://www.changepanda.com,Enterprise,@changepanda,Bank of Ireland
ChangeX,http://www.changex.org,Philanthropy & Social Good,@changexhq,Dogpatch Labs
Channelforge,http://www.channelforge.com,Social Media,@channelforge,"AIB, The Hive @ Liffey Trust"
Channelship,http://www.channelship.ie/,Advertising & Marketing,@channelship,"AIB, GEC"
ChannelSight,http://www.channelsight.com,eCommerce,@ChannelSight,IADT Media Cube
Chasing Returns,https://chasingreturns.com/,FinTech,@Chasing_Returns,"EI, NDRC, Accenture"
CheckVentory,http://www.checkventory.com/,Big Data & Analytics,@checkventory,"IADT Media Cube, DIT Hothouse, Accenture"
ChildDiary,https://childdiary.net/,EdTech,@ChildDiaryNet,Crunchbase
Chillcart Limited,https://beta.chillcart.ie/,eCommerce,,
Chillicam,http://www.chillicam.com,Enterprise,,Synergy Centre ITT
Chuffey,http://www.chuffey.com/,Advertising & Marketing,@chuffeymedia,NDRC
Cicero Networks,http://www.ciceronetworks.com,Telecommunications & Networking,,"AIB, Bank of Ireland"
Cies,http://cies.ie/,Security & Encryption,@CIESSMC,Crunchbase
CipherApps,http://www.cipherapps.com,Enterprise,@cipherapps,"AIB, Dublin BIC"
Circit,http://www.circithq.com/,FinTech,,
Circle,https://www.circle.com/,FinTech,@circlepay,GEC
Circulator,http://www.circulator.com/,Enterprise,@circulatorhq,"AIB, EI HPSU"
Cirkit.io,http://cirkit.io/,Hardware & IoT,@cirkitio,DIT Hothouse
Cirquit.tv,http://cirquit.tv,Advertising & Marketing,,"Silicon Republic, Dublin BIC"
CityBcon,http://citybcon.com/,Big Data & Analytics,@citybcon,"Silicon Republic, Accenture"
CityHook,http://cityhook.com,Big Data & Analytics,@cityhook,"AIB, NDRC, Accenture"
Civic Resource Group,http://www.civicresource.com/,Enterprise,@CivicResource,
CiviQ,http://www.civiq.eu,Enterprise,@aphelionltd,NDRC
Clavis Insight,http://www.clavisinsight.com,Big Data & Analytics,@clavistech,"AIB, Bank of Ireland"
ClearSight,http://www.clearsightinnovations.com/,MedTech,,"GEC, NDRC"
ClearTone Technologies,http://www.ctone.eu/,Enterprise,,NDRC
Clearvision-CM,http://www.clearvision-cm.com,Enterprise,@clearvisioncm,GEC
Clerky,https://clerky.co/,eCommerce,,
Clever Box Club,http://www.cleverboxclub.com/,eCommerce,,Crunchbase
Cleverbug,http://www.cleverbug.com,Advertising & Marketing,@cleverbug,"AIB, Bank of Ireland"
ClickAndGo,http://www.clickandgo.com,Travel,@ClickandGo_Hols,Bank of Ireland
ClickMeter,https://clickmeter.com/,Enterprise,@clickmeter,Dogpatch
Clientrol,http://www.clientrolapp.com,Enterprise,@clientrol,HBAN
Clinch,http://www.clinch.io,HR & Recruitment,@clinchhq,"AIB, Bank of Ireland, Dogpatch Labs, Accenture"
Clindox,http://www.clindox.com,Enterprise,@clindox,"Bank of Ireland, Accenture"
Clinics in Motion,http://www.clinicsinmotion.com,Digital Health,@clinicsinmotion,Dublin BIC
Clintech Health Care,http://clintech.ie/,MedTech,,AIB
Clirinx,http://www.clirinx.com,MedTech,,Dublin BIC
Cloud KPI,http://www.cloudkpi.com/,Enterprise,@CloudKPI,"DCU Ryan Academy, Accenture"
Cloud90,http://cloud90.ie/,Social Media,@Cloud90HQ,IVCA
CloudBeds,http://www.cloudbeds.com,Enterprise,@CloudBeds,Digital Hub
CloudCompare,http://www.cloudcompare.ie,Enterprise,@cloudcompareie,"AIB, IVCA, Bank of Ireland"
CloudDock,http://clouddock.co,Enterprise,CloudDockHQ,"NDRC, Digital Hub, Accenture"
ClubApp,http://clubapp.ie/,Entertainment & Publishing,@ClubApp,Web Summit
Cluey,http://cluey.com,Enterprise,@clueycom,"AIB, Dublin BIC, IVCA"
CoalFace,http://www.coalfacecapital.com/,FinTech,@coalfacecapital,"Web Summit, Nova UCD"
Code Institute,http://www.codeinstitute.net/,EdTech,@codersinstitute,
CoderDojo,https://coderdojo.com/,Philanthropy & Social Good,,"Dogpatch Labs, Accenture"
Cogni ,http://www.cogninow.com/,FinTech,,
Cogs The Brain Shop,http://cogsthebrainshop.ie,EdTech,CogsBrainShop,"Bank of Ireland, IVCA"
Cohort,http://c.ohort.net/,Big Data & Analytics,@CohortHQ,DCSO
Coindrum,http://www.coindrum.com,Travel,@Coindrum,"Dublin BIC, HBAN, Dogpatch Labs"
Coinprism,http://www.coinprism.com,FinTech,@coinprism,"Bank of Ireland, IVCA, Accenture"
Cold Lilies,http://www.coldlilies.com/,eCommerce,@coldlilies,"EI HPSU, HBAN"
CommProve,http://www.commprove.com,Enterprise,,"AIB, Bank of Ireland, IVCA"
Commutable,http://commutable.com/,Big Data & Analytics,,NDRC
Complyfile,https://complyfile.com/,Enterprise,@complyfile,"Bank of Ireland, IVCA"
ComputeNext,http://www.computenext.com,Enterprise,@computenext,GEC
Comrade,https://www.findacomrade.com/,Social Media,@Findacomrade,Web Summit
Conker,http://www.conker.io,Big Data & Analytics,@conker_io,"AIB, NDRC"
Connector,http://connector.ie/,Advertising & Marketing,@connector360,"Bank of Ireland, IVCA"
Connectors Marketplace,http://www.connectorsmarketplace.com,Advertising & Marketing,@connectors_io,"Dublin BIC, Nova UCD, Accenture"
Connexicon,http://www.connexiconmedical.com/,MedTech,,"AIB, Synergy Centre ITT"
Converser,http://www.converser.io,Telecommunications & Networking,@converser,"AIB, Bank of Ireland, IVCA"
Cool Beans,http://www.coolbeans.ie/,eCommerce,@coolbeancompany,DCU Ryan Academy
CoolMoss,http://www.coolmoss.ie/,Advertising & Marketing,@CoolMossCreate,"AIB, Digital Hub"
Coolnagour Ltd t/a iCabbi,http://www.icabbi.com/,Enterprise,iCabbi,NDRC
Coolpower,http://coolpowerinvestments.com,Big Data & Analytics,,Nova UCD
CoreHR,http://www.corehr.com/,HR & Recruitment,,ISA
Corlytics,http://corlytics.com/,FinTech,,"IVCA, Nova UCD, Accenture"
Cortechs,http://cortechs.ie/,Digital Health,@cortechs_ab,"Bank of Ireland, IVCA, EI"
Cortona3D,http://www.cortona3d.com,Enterprise,,"Bank of Ireland, IVCA"
Corvil,http://www.corvil.com,Enterprise,@corvilinc,AIB
Corvus Software,http://www.corvussoftware.ie/,Enterprise,@CorvusSoftware,"Bank of Ireland, IVCA"
Courtsdesk,http://courtsdesk.com/,Big Data & Analytics,@courtsdesk,"Techstars, Accenture"
CoutureÂ­Intel,http://ci.darvu.com/,eCommerce,@CoutureIntel,Web Summit
Coveyo,http://www.coveyo.com/,Travel,,EI HPSU
CPD Sessions,http://www.cpdsessions.com,Digital Health,,"Invent DCU, Accenture"
CR2,http://www.cr2.com,Enterprise,@CR2_ltd,"AIB, Bank of Ireland, IVCA"
CreateSound.ie,http://createsound.ie/,EdTech,@createsoundie,GEC
Creative Nation MCN,http://www.cnation.co/,Advertising & Marketing,CNationNetwork,Crunchbase
Credibility Technologies,http://gocredibility.com/,Enterprise,@Credibilityie,"AIB, Accenture"
Credit Expo,http://www.creditexpo.ie,Enterprise,,Nova UCD
Creeper Crawlers,http://www.creepercrawlers.com,eCommerce,@creepercrawlers,"Dublin BIC, DCU Ryan Academy"
Creme Global,http://www.cremeglobal.com/,Digital Health,@cremeglobal,"Dublin BIC, Trinity"
Crew Factors,http://crewfactors.com/,Big Data & Analytics,@crewfactors,Trinity Research & Innovation
Crewger,http://beta.crewger.com,Enterprise,@crewger,LEO
Critical Data Services,http://www.criticaldata.ie,Security & Encryption,@critical_data,Crunchbase
Criticker,http://www.criticker.com,Social Media,,"Bank of Ireland, IVCA"
CRM Together,http://www.crmtogether.com/,Enterprise,@crmtogether,Synergy Centre
Crowdsight,http://www.crowdsight.co,Advertising & Marketing,@crwdsight,"EI HPSU, DIT Hothouse"
Cruatech,http://cruatech.com/,Enterprise,,"Invent DCU, Accenture"
Cubic Telecom,http://www.cubictelecom.com,Telecommunications & Networking,@cubictelecom,"AIB, Bank of Ireland, IVCA, Accenture"
CurrencyFair,https://www.currencyfair.com/,FinTech,@currencyfair,Accenture
Customer Minds,http://www.customerminds.com/,Advertising & Marketing,@customerminds,"AIB, IADT Media Cube, Versari"
CustomKing,https://www.customking.ie/,eCommerce,@Custom_King,DCU Invent
CV Intro,http://www.cvintro.ie,HR & Recruitment,@cvintro,"Bank of Ireland, IVCA"
CX Index,http://cxindex.com,Enterprise,@cxindex,Dublin BIC
Cylon Controls,http://www.cylon.com/ie/,Environment (green/clean),@CylonAE,"AIB, Bank of Ireland, IVCA"
D4H,www.d4h.org,Enterprise,,Accenture
Dabl,www.dabl.ie,Enterprise,,AIB
Daon,www.daon.com,Security & Encryption,,AIB
Daqri International,http://daqri.com/,Hardware & IoT,@DAQRI,
Dara Creative,http://www.daracreative.ie/,Advertising & Marketing,@daracreative,
Darshan Design Exchange,www.icostumeapp.com,Entertainment & Publishing,@iCostumeApp,DIT Hothouse
Dataduct,http://www.dataduct.com,Telecommunications & Networking,,"AIB, Dublin BIC"
Datahug,http://www.datahug.com,Enterprise,@datahug,"AIB, Bank of Ireland, IVCA, Accenture"
DataKraft,http://www.datakraft.net,Enterprise,,Dublin BIC
Datalex,http://www.datalex.com,Travel,@datalex,"AIB, Bank of Ireland, IVCA"
DataQuarks,www.dataquarks.com,Enterprise,,Accenture
Davra Networks,http://www.davranetworks.com,Hardware & IoT,@davranetworks,"AIB, Dublin BIC"
DaysE,http://dayse.org/,Environment (green/clean),@daysefund,DCU Ryan Academy
DB Sports Tours,http://dbsportstours.ie,Sports,@dbsportstours,LEO
DealEffect.ie,http://dealeffect.ie,Enterprise,@dealeffect_ie,LEO
DecaWave,http://www.decawave.com,Hardware & IoT,,Dublin BIC
DediServe,http://www.dediserve.com,Enterprise,@dediserve,LEO
DemonWare,http://www.demonware.net,Enterprise,,"AIB, Bank of Ireland, IVCA, Trinity Research & Innovation"
Deposify,http://deposify.com/,Enterprise,@deposify,"Silicon Republic, Accenture"
dH2 Technologies,http://www.brokerquote.com/,Enterprise,,Crunchbase
Dial2Do,http://www.dial2do.com,Enterprise,@dial2do,Dublin BIC
DiaNia Technologies,http://www.dianiatechnologies.com,Digital Health,,"HBAN, Accenture"
DIDWW,https://www.didww.com/,Telecommunications & Networking,DIDWW,Digital Hub
DigBigData,http://digbigdata.com,Enterprise,digbigdata,"Bank of Ireland, IVCA"
Digifeye,http://digifeye.com/,Advertising & Marketing,,"DCU, NDRC"
Digiprove,http://www.digiprove.com,Enterprise,,"Bank of Ireland, IVCA"
Digishare360,http://digishare360.com,Advertising & Marketing,@digiShare360,"Bank of Ireland, IVCA"
Digital Living,http://www.digitalliving.fi/,Big Data & Analytics,,DCU Ryan Academy
Digital Mines,http://www.digitalmines.com,Enterprise,@digitalmines,"AIB, Bank of Ireland, IVCA"
Digital Print Hub,http://digitalprinthub.com,Advertising & Marketing,,LEO
Digital Reach Group,http://www.drg.ie/,Advertising & Marketing,@adforceireland,Dublin BIC
Digitaljet,http://www.digitaljet.ie/,Advertising & Marketing,@digitaljet,"Invent DCU, Accenture"
Digitary,http://www.digitary.net,Enterprise,@digitary,"Dublin BIC, Accenture"
Digs,http://digs.ie/digs.php,Advertising & Marketing,,"Bank of Ireland, IVCA"
Ding,https://www.ding.com/,FinTech,,
Dippix,http://www.dippix.com,Advertising & Marketing,@LenkaCam,Crunchbase
Divvy App,http://www.divvyapp.co/,Social Media,@divvy_app,Crunchbase
Dobiquity,http://www.dobiquity.com/,Enterprise,@Dobiquity,"Dublin BIC, HBAN, Silicon Republic"
DOCOsoft,http://www.docosoft.com,FinTech,@DOCOsoftDotCOM,"Bank of Ireland, IVCA, Nova UCD, Accenture"
Documatics,www.documatics.com,Enterprise,,Accenture
Doodledale,http://doodledale.com/,Entertainment & Publishing,,DCU Ryan Academy
dotMobi,http://dotmobi.com,Big Data & Analytics,@dotMobiOfficial,"Bank of Ireland, IVCA"
dotNice,http://www.dotnice.com/,Enterprise,@dotnicecom,Digital Hub
Dovetail,http://www.dovetail.ie/,Enterprise,@dovetail_tech,"AIB, Dublin BIC"
DownTheSofa,http://downthesofa.ie/,eCommerce,,LEO
DreamTec Software,http://www.dreamtecsoftware.com,Enterprise,@DreamtecSW,"AIB, Dublin BIC"
Drop,http://www.droptechnology.com/,Enterprise,,"ISA, NDRC"
DropChef,http://dropchef.com/,eCommerce,@dropcheftweets,"EI HPSU, DIT Hothouse, The Hive @ Liffey Trust, DCU Ryan Academy"
Duane Learning,http://www.duanelearning.com/,EdTech,,DCU Ryan Academy
Dublin Design Studio,http://www.getscriba.com,Hardware & IoT,@GetScriba,DCSO
Dublin Start Up Jobs,http://dublinstartupjobs.com/,HR & Recruitment,,
Duomojo,http://duomojo.com/,Sports,,
Dynamic Reservations,http://www.dynamicres.com/,Travel,,NDRC
E-Dublin,http://www.e-dublin.com.br,Travel,edublin,"Bank of Ireland, IVCA"
eÂ­CARGOWARE,http://e-cargoware.com/,Enterprise,eCargoware,Web Summit
Eagle Alpha,http://eaglealpha.com,FinTech,@DollarEagle,Web Summit
Easy Payments Plus,http://www.easypaymentsplus.com,FinTech,@MyEasyPay,"AIB, Bank of Ireland, IVCA"
EasyDocs,http://www.easydocs.ie,Enterprise,@easydocshq,"Bank of Ireland, IVCA"
EazySafe,http://eazysafe.com,EdTech,@eazysafe,"Digital Hub, Dublin BIC"
Eblana Photonics,http://www.eblanaphotonics.com/,Hardware & IoT,@eblanaphotonics,"Trinity Research & Innovation, Accenture"
EC Charging,http://eccharging.ie,Hardware & IoT,,HBAN
Echo Water,http://echowater.ie/,Environment (green/clean),@FreshEchoWater,Crunchbase
EchoMedia,http://www.echomedia.ie/,eCommerce,@Echo_Media,Coworkinn
Eco Cabs,http://ecocabs.ie/,Travel,,LEO
Ed Ev,http://www.edev.ie/,EdTech,,"Invent DCU, Accenture"
EduBills,http://www.edubills.ie,EdTech,@edubills,Crunchbase
Effective Software,http://www.effective-software.com/,Enterprise,@software4safety,Dublin BIC
Effector,http://www.effector.ie/,Social Media,,"Bank of Ireland, IVCA"
Effy,http://effysolutions.com/,Enterprise,,Techstars
EIDA Software Solutions,http://www.eidasolutions.com/,Enterprise,@eidasolutions,Dublin BIC
Eiratech Robotics,http://www.eiratech.com,Hardware & IoT,,Dublin BIC
EireSoft,http://www.eiresoft.com,Enterprise,@eire_soft,"Bank of Ireland, IVCA"
Eirscan,http://www.eirscan.ie/,Digital Health,,"Bank of Ireland, IVCA"
EKF Diagnostics,http://www.ekfdiagnostics.com/,MedTech,@EKFdiagnostics,"AIB, Trinity Research & Innovation"
ElderHomeShare,http://www.elderhomeshare.ie,Philanthropy & Social Good,@elderhomeshare,DCSO
Electronic Compliance Audit Tools,www.ecat.ie,Enterprise,,Accenture
ElectroRoute,http://www.electroroute.com/,Environment (green/clean),,"AIB, Bank of Ireland, IVCA"
Element Wave,http://www.mobilemomentshq.com/,Advertising & Marketing,,DCSO
Elephants Don't Forget,http://elephantsdontforget.com/,EdTech,,Dublin BIC
eMaint,http://emaint.eu/,Enterprise,@emaintx3,Digital Hub
Embedded Payments,http://www.embedded-payments.com,FinTech,@EmbeddedPay,HBAN
Embo Medical,www.embomedical.com,MedTech,,Accenture
EmpowerTheUser,http://www.etu.ie,EdTech,@EmpowerTheUser,"Dublin BIC, Trinity Research & Innovation, Versari, Accenture"
Enbio,www.embomedical.com,Hardware & IoT,@enbio_eu,"Nova UCD, Accenture"
Endeco,http://endeco-technologies.com/,Environment (green/clean),,Synergy Centre ITT
EndoDex,http://endodex.com,Digital Health,@EndoDex1,"NDRC, Trinity Research & Innovation"
Endura Technologies,www.enduratechnologies.com,Hardware & IoT,,Nova UCD
Eneclann,http://www.eneclann.ie/,Big Data & Analytics,@Eneclann,"AIB, Trinity Research & Innovation, Accenture"
Energy Elephant,https://www.energyelephant.com/,Environment (green/clean),@EnergyElephant,"Silicon Republic, Trinity Research & Innovation, DIT Hothouse"
Engage Content,http://engagecontent.ie/,Advertising & Marketing,@scarlettmerrill,AIB
Engine Yard,http://www.engineyard.com,Enterprise,@engineyard,Crunchbase
EnvEcon,http://www.envecon.eu/,Environment (green/clean),,"Nexus UCD, Accenture"
Envirotech Innovative Products,http://www.auranta.ie/,MedTech,@MagGrowAuranta,"AIB, Nova UCD, EI HPSU, DIT Hothouse"
Enzolve Technologies,http://www.enzolve.com/,Digital Health,,"AIB, Nova UCD, Accenture"
Equinome,http://www.equinome.com/,Digital Health,@equinome,"AIB, Nova UCD, Accenture"
Erasmusinn,http://www.erasmusinn.com,Travel,@ErasmusInn,"Bank of Ireland, IVCA"
eRepublik,http://www.erepublik.com/en#BrandyMel,Entertainment & Publishing,@erepublik,Crunchbase
Ergo,http://www.ergogroup.ie,Enterprise,@ErgoIreland,"Bank of Ireland, IVCA"
Esave Corporation,http://www.esavecorp.com/,Environment (green/clean),,"EI HPSU, Dell"
eSkoot,https://e-skoot.com/,Travel,@e_skoot,Web Summit
eSpatial,https://www.espatial.com/,Enterprise,@espatial,Crunchbase
eTownz,http://www.eTownz.com,Social Media,@etownz_ie,DCSO
Eurosepa,http://eurosepa.com/,FinTech,,Accenture
Event Junkies,http://www.eTownz.com,Social Media,@event_junkies,LEO
EventGeekie,http://www.eventgeek.ie,Advertising & Marketing,@eventgeekie,Crunchbase
EventMama,http://eventmama.com,Advertising & Marketing,@eventmamaHQ,NDRC
Eventovate,http://www.eventovate.com/,Enterprise,@Eventovate1,Dublin BIC
Eventznet,http://www.eventznet.ie/,Enterprise,,Accenture
Evercam,http://www.evercam.io,Enterprise,@evrcm,"Bank of Ireland, IVCA"
Everseen,http://everseen.com/,Hardware & IoT,,Accenture
Excited,http://www.excited.ie,EdTech,@WeAreExcited,Crunchbase
Exergyn,www.exergyn.com,Environment (green/clean),,"IVCA, NDRC"
Expert Digital Marketing,https://www.seopler.com,Advertising & Marketing,@seoplerbot,Web Summit
Express Empire,http://www.express-empire.com/,Entertainment & Publishing,,
ExRayLab,https://twitter.com/exraylab,Digital Health,@exraylab,NDRC
Ezops,http://www.ezops.com/,FinTech,,The Hive @ Liffey Trust
Ezora,http://www.ezora.com/,Big Data & Analytics,@ezora,Digital Hub
F6 Tech,http://f6tech.com,Big Data & Analytics,,Crunchbase
Fabrikatyr Analytics,http://www.fabrikatyr.com/,Big Data & Analytics,@fabrikatyr,DIT Hothouse
Fair and Square,http://www.fairandsquare.ie,Enterprise,@fairandsquareie,NDRC
Fanaticus Inc,http://www.fanaticusinc.com/,Sports,,GEC
Fandom,http://www.fandomapp.com,Advertising & Marketing,@fandom_app,Crunchbase
FanFootage,https://fanfootage.com/,"Entertainment & Publishing, Sports",,Silicon Republic
Fanmode,http://fanmode.com,Entertainment & Publishing,@fanmodeofficial,"Bank of Ireland, IVCA"
Farmgas,http://farmgas.ie,Environment (green/clean),,Coworkinn
Feature Clothing,http://www.feature.ie/,eCommerce,,DCU Ryan Academy
Feed Henry,www.feedhenry.com,Telecommunications & Networking,@redhatmobile,Accenture
Feelsright,http://www.feelsright.today/,Enterprise,,DCU Ryan Academy
FenestraPro,http://www.fenestrapro.com/,Enterprise,@FenestraPro,"Dublin BIC, DIT Hothouse, Trinity Research & Innovation"
FieldAware,http://www.fieldaware.com,Enterprise,@fieldaware,"NDRC, Trinity Research & Innovation"
Fierce Fun,http://fiercefun.com/,Entertainment & Publishing,@FierceFunGames,DIT Hothouse
Fijowave,http://www.fijowave.com/,Advertising & Marketing,,"Synergy Centre, ITT"
Financial Risk Solutions (FRS),http://www.frsltd.com/,Enterprise,,"IBEC, ISA, Accenture"
Findersfee,http://www.findersfee.ie,eCommerce,@findersfee_,"Dublin BIC, HBAN"
Fire Financial Services Limited,http://www.paywithfire.com/,FinTech,@paywithfire,
Firmwave,http://firmwave.com/,Enterprise,@firmwaveltd,Web Summit
Fishtree Inc,http://www.fishtree.com,EdTech,@Fishtree_Edu,Fumbally Exchange
Fitmybits,http://fitmybits.com/,eCommerce,,DCU Ryan Academy
Fleetmatics,https://www.fleetmatics.ie/,Enterprise,,AIB
Flightbuddy,http://flightbuddy.eu/,Travel,,GEC
Flipdish,https://flipdish.ie/,eCommerce,@flipdish,Cluster.ie
FlipIQ,http://www.FlipIQ.com,EdTech,@FlipIQ,IADT Media Cube
FluidUI,https://www.fluidui.com/,Enterprise,,Dogpatch Labs
Flybreak,www.flybreak.com,Travel,@Flybreak,Web Summit
Flymob Ltd.,https://flymob.com/,Travel,,DCSO
FoneSense,http://www.fonesense.com,Advertising & Marketing,@fonesense,"AIB, Bank of Ireland, IVCA, Accenture"
Foodcloud,http://foodcloud.net/,Philanthropy & Social Good,@foodcloudire,"Launchbox, Trinity College Dublin, NDRC, Accenture"
Foodeo,http://foodeo.ie/,Enterprise,,DCSO
FourPaws,http://www.fourpaws.ie/,Philanthropy & Social Good,@fourpawsapp,Web Summit
Fractus Learning,http://www.fractuslearning.com/,EdTech,@FractusLearning,Digital Hub
Freegaming,http://www.freegaming.de/,Entertainment & Publishing,,NDRC
Friendshipit,http://friendshipit.co/,Social Media,@friendshipit,Techstars
Frock Advisor,http://frockadvisor.com,eCommerce,@frockadvisor,"Dublin BIC, NDRC"
Frontline Energy & Environmental,http://frontlineenergy.ie/,Environment (green/clean),@FrontlineEnerg,"Bank of Ireland, IVCA"
Full Health Medical,http://www.fullhealth.ie/,Digital Health,@Full_Health,Dogpatch Labs
Fundcalcs,Fundcalcs.com,FinTech,,"TCube, Accenture"
FundRecs,https://www.fundrecs.com/,FinTech,,"Cluster.ie, Accenture"
FunkedUp,http://www.funkedupfixies.com/,Sports,@FunkedUpFixies,"Bank of Ireland, IVCA"
Furious Tribe,http://www.furioustribe.com/,Advertising & Marketing,@furioustribe,IADT Media Cube
Future Finance,https://www.financemyfuture.co.uk/,FinTech,@FutureFinanceLC,Web Summit
Gabriel Scientific,http://www.sleepangelworld.com,Digital Health,@sleepangeltweet,"AIB, Bank of Ireland, IVCA"
Gaelic Escargot,http://gaelicescargot.com/,eCommerce,,"Bank of Ireland, IVCA"
Gajo,http://gajo.io,Social Media,,EI HPSU
GALAXsee,http://www.galaxsee.com/,Hardware & IoT,@gaIaxsee,Web Summit
Galvanic,http://galvanic.ie,Digital Health,@relaxwithpip,"Bank of Ireland, IVCA"
GameCarver,http://www.gamecarver.com/contact/,Enterprise,,
Gametionary,www.gametionary.io,Entertainment & Publishing,@gametionary,DIT Hothouse
GaraGeeks,http://www.garageeks.com/,Travel,@garageeks,Web Summit
Gaybrhood,www.gaybrhood.com,Social Media,,
Gazel,http://gazelhome.com/,eCommerce,@gazelhome,EI HPSU
GCR,http://www.globalclinicrating.com,Big Data & Analytics,,"Bank of Ireland, IVCA"
Gecko,www.getgecko.net,Enterprise,@geckodocs,Accenture
Genable Technologies,http://www.genable.net/,MedTech,,
GeneFile,http://www.genefile.com/,Social Media,@genefile,LEO
Genetic Performance,http://geneticperformance.com,Sports,,Dublin BIC
GeoPal Solutions,http://www.geopalsolutions.com,Enterprise,@GeoPalSolutions,"Bank of Ireland, IVCA, Silicon Republic"
Gesaky,http://www.gesaky.com,Hardware & IoT,,"Bank of Ireland, Invent DCU, IVCA, Dublin BIC, Accenture"
GetBulb,http://getbulb.com,Big Data & Analytics,@getbulb,"AIB, EI HPSU, Accenture"
GetHealth,http://gethealthapp.com,Digital Health,@GetHealthapp,NDRC
Giant Creative,http://www.giant.ie,Entertainment & Publishing,@Giant_Creative,"Bank of Ireland, IVCA"
Gigstarter,http://www.gigstarter.com,Social Media,@gigstarter,"Dublin BIC, NDRC, DIT Hothouse, Accenture"
Global Risk Technologies,http://globalrisktechnologies.com/,FinTech,@GlobalRiskTech,"Bank of Ireland, IVCA"
Globoforce,http://www.globoforce.com/,Enterprise,,ISA
Glofox,http://www.glofox.com,Sports,@weareglofox,"Bank of Ireland, Dublin BIC, HBAN, IVCA"
GlycoSelect,http://www.glycoselect.com,Digital Health,,Invent DCU
Go Lolly,http://www.gololly.com/,Social Media,,NDRC
GoBramble,http://www.gobramble.com,Social Media,@gobramble,NDRC
GoCar,http://www.gocar.ie/,Travel,@GoCarIreland,LEO
Golfgraffix,http://www.golfgraffix.com,Sports,,"EI HPSU, GEC"
Good Hands Whips,http://www.goodhandswhips.com/,Sports,@frankie_naylor,"Bank of Ireland, IVCA"
Good Travel Software,http://www.goodtravelsoftware.com,Travel,@goodtravelinfo,"Bank of Ireland, Digital Hub, Dublin BIC, IVCA, NDRC, Trinity Research & Innovation"
GoPixie,www.getthere.ie,Travel,,DIT Hothouse
GradPush,http://www.gradpush.ie/,HR & Recruitment,@Roisin_Gradpush,Web Summit
Gramma Music,http://gramma-music.com/,Entertainment & Publishing,@GrammaMusic,NDRC
Green Jobs,http://www.greenjobs.ie/,HR & Recruitment,@greenjobsirl,LEO
GreenLetterbox,http://www.greenletterbox.com,FinTech,@GreenLetterbox,Dublin BIC
GridFinance,www.gettherEIe,FinTech,@gridfinance,Dublin BIC
GripCommunications,http://www.gripcomms.com,Enterprise,@gripcomms,Crunchbase
Groopeze,http://www.groopeze.com/,Travel,@Groopeze,"Synergy Centre ITT, NDRC"
GroupLeader.com,http://www.groupleader.com,Travel,@groupleader,"Silicon Republic, Bank of Ireland, IVCA"
gsmExchange.com,https://www.gsmexchange.com/,eCommerce,,"AIB, Accenture"
Guest IQ,http://www.guestiq.com,Social Media,@GuestIQ,Dublin BIC
Guidecentral,https://www.guidecentr.al/download,Social Media,@guidecentral,"Bank of Ireland, IVCA, Dogpatch Labs"
Gymr,http://getgymr.com/,Digital Health,,DCU Ryan Academy
Hailstorm,http://www.hailstorm.ie/,eCommerce,@hscommerce,GEC
Hanley Automation Networks,http://www.hanleyautomation.com/,Enterprise,@theyarecomingtv,AIB
Haskoin,http://haskoin.com/,Big Data & Analytics,,Accenture
Haunted Planet Studios Ltd,https://www.hauntedplanet.com/,Entertainment & Publishing,,Trinity Research & Innovation
HavaBet,http://www.havabet.com,eCommerce,@havabet,"Bank of Ireland, IVCA"
Healthbeacon,http://healthbeacon.com/,Digital Health,@HealthBeaconInc,"AIB, IVCA"
Healthbridge Technology Limited,http://www.healthbridgetechnology.com/,Digital Health,,"EI, DCU Ryan Academy"
HeartPhone,http://www.ndrc.ie/news/heartphone-is-announced-as-2010-product-innovation-award-winner/,Digital Health,,NDRC
HelixHealth,http://helixhealth.com,MedTech,@helixhealthltd,"AIB, Bank of Ireland, IVCA"
HelloCrowd,https://www.hellocrowd.net/,Enterprise,@hellocrowd_app,"Synergy Centre, ITT"
HelpStay,https://helpstay.com/,Social Media,@helpStay,"Bank of Ireland, IVCA"
Hemanua,http://www.hemanua.com,MedTech,@hemanuacompany,"Bank of Ireland, IVCA, Nova UCD"
HeyStaks,http://www.heystaks.com,Big Data & Analytics,@HeyStaks,"AIB, Nova UCD, Accenture"
Heyyo,http://www.heyyo.me,Social Media,@heyyo,Crunchbase
Hibergene,http://www.hibergene.com/,MedTech,@HiberGene,"AIB, Accenture"
Hidden Depth,http://hiddendepth.ie,Advertising & Marketing,@hiddendepth,Synergy Centre
HighAndes,http://www.trakax.com,Entertainment & Publishing,@trakax,"AIB, Bank of Ireland, IVCA, Trinity"
Hindsa Technologies,http://www.hindsa.com,Enterprise,,Crunchbase
Hipster CEO,www.hipsterceo.com,Entertainment & Publishing,@hipsterCEOapp,Accenture
Hiri,http://www.hiri.com,Enterprise,@hiri,"AIB, Bank of Ireland, IVCA, Dogpatch, Accenture"
Hit The Road,http://www.hittheroad.ie,Travel,@hittheroad_ie,Crunchbase
Hive Salon Software,http://www.hivesalonsoftware.com/,Enterprise,,
Home Dialysis Solutions,http://www.home-dialysis-solutions.com/,Digital Health,,Web Summit
Home Hippo,http://homehippo.com/,Advertising & Marketing,@homehippo,Web Summit
Homestay Technologies,http://www.homestaymanager.com,Travel,@Homestaycom,"AIB, EI HPSU"
Hosted Graphite,http://www.hostedgraphite.com,Enterprise,@hostedgraphite,"Bank of Ireland, IVCA"
Hostels.com,http://www.hostels.com/,Travel,@hostels_com,"Bank of Ireland, IVCA"
Hostelworld,http://www.hostelworld.com,Travel,@hostelworld,"Bank of Ireland, IVCA"
Hotelbench,http://www.hotelbench.com/,Travel,@hotelbench,"Bank of Ireland, IVCA, DIT Hothouse"
HouseMyDog,https://www.housemydog.com/,Enterprise,@housemydog,"Dublin BIC, EI HPSU, Silicon Republic, DIT Hothouse"
Hudibia,http://hudibia.com/,Digital Health,@Hudibiaapp,Web Summit
Huggity,http://www.huggity.com,Social Media,@huggity,GEC
Hush Vine Ltd,http://hushvine.com/,Social Media,@hushvine,NDRC
i-amtv,http://www.i-amtv.com,Entertainment & Publishing,@I_amtv,"Bank of Ireland, IVCA"
I-Business Media,http://www.ibusinessmedia.com/,Enterprise,@ibusinessmedia,LEO
iCabbi,http://www.icabbi.com/,Enterprise,,
i-conX solutions,http://www.iconxsolutions.com,Enterprise,@iconX_solutions,AIB
I've Read That,http://www.ivereadthat.com/,Entertainment & Publishing,,Accenture
Iconic Translation Machines,http://iconictranslation.com,Enterprise,@iconictrans,"Invent DCU, Silicon Republic, Dublin BIC, Bank of Ireland, IVCA"
Idaso,http://www.idaso.ie/,Travel,,
IdentiGen,http://www.identigen.com,Environment (green/clean),,"AIB, Trinity Research & Innovation, Accenture"
Idiro,http://www.idiro.com,Big Data & Analytics,@idirology,Crunchbase
IESS,http://intess.ie/,Security & Encryption,,Synergy Centre
iGuide Mobile Applications,http://www.iguidema.com/,Entertainment & Publishing,@iGuideMA,"Bank of Ireland, IVCA"
Ikon Semiconductors,www.ikonsemi.com,Hardware & IoT,,DCU Innovation
IMS Maxims,http://www.imsmaxims.com/,MedTech,@imsmaxims,AIB
Incaplex,http://www.incaclinic.com,MedTech,@incaplex,"Nova UCD, Accenture"
Incend,http://www.incend.net,Social Media,@theincentive,"Bank of Ireland, IVCA"
Incereb,http://www.incereb.com/,MedTech,,"AIB, Synergy Centre ITT"
Indigo Connect,http://www.indigo-connect.com/,Travel,@indigoconnect,"Innovation UCD, Accenture"
Indu Healthcare,http://indu.care/,Philanthropy & Social Good,,"DIT Hothouse, IADT Media Cube"
Inflection Biosciences Ltd.,http://www.inflectionbio.com/,MedTech,,
Infocare,http://www.infocarehealth.com/,Digital Health,,Digital Hub
Infonalis,http://www.infonalis.com,Entertainment & Publishing,,"Bank of Ireland, IVCA"
Inforama,http://www.ndrc.ie/projects/inforama/,Enterprise,,NDRC
InForFree,http://www.inforfreeapp.com,Social Media,@InForFreeApp,"Bank of Ireland, IVCA"
initiafy,http://www.initiafy.com,HR & Recruitment,initiafy,Silicon Republic
Inkwell,http://www.inkwell.to/,Enterprise,@goinkwell,Web Summit
Innovation Zed (Insulcheck),http://www.insulcheck.com/,Digital Health,@insulcheck,"AIB, Nova UCD, Accenture"
innovios,http://www.innovios.com/,Enterprise,innovios,"Nova UCD, Accenture"
iNovar Corporation,http://inovarcorp.com/,Enterprise,@Inovarcorp,Crunchbase
Intellicom,www.intellicom.ie,Telecommunications & Networking,@intellicomtweet,DCU Innovation
Intelligent Health Systems,http://www.healthsystems.ie/,Digital Health,,Accenture
Intercom,http://www.intercom.io,Enterprise,@intercom,Accenture
Interlink Pro,https://www.interlinkpro.com/en,Telecommunications & Networking,@interlinkpro,Web Summit
Inventorium,http://www.inventorium.org,Social Media,@inventorium,"Bank of Ireland, IVCA"
Invizbox,https://www.invizbox.io/,Hardware & IoT,@invizbox,Dublin BIC
InvoiceFair,http://www.invoicefair.com/,FinTech,,ISA
iQuate,http://www.iquate.com,Enterprise,@iQuate,"AIB, Bank of Ireland, IVCA, Accenture"
Ircona,http://www.ircona.com/,Hardware & IoT,,AIB
Iricent,http://iricent.com/,Enterprise,,Coworkinn
Irish Abroad,http://www.irishabroad.com,Social Media,@IrishAbroad_com,GEC
Irogon,www.irogon.com,Enterprise,,Accenture
ISO Genie,http://www.isogenie.com/,Enterprise,@ISOgenie,"Bank of Ireland, IVCA"
iTagged,http://www.iTagged.com,Advertising & Marketing,@iTagged,"Bank of Ireland, IVCA"
Iterate,http://www.iterate.ie/,Enterprise,@iterate,Dublin BIC
Jaliko,http://jaliko.com/index.php,Enterprise,,"Bank of Ireland, IVCA, Accenture"
Jamjou,www.jamjou.com,Advertising & Marketing,@jamjouhq,Accenture
Jamworld Technologies,http://www.mp3unsigned.com,Entertainment & Publishing,@mp3unsigned,"Bank of Ireland, IVCA"
Jibbr,http://www.jibbrapp.com,Social Media,@JibbrApp,"Silicon Republic, Bank of Ireland, IVCA"
Job Coconut,https://www.jobcoconut.com/,HR & Recruitment,@job_coconut,"Bank of Ireland, IVCA"
Jobbio,https://jobbio.com/,HR & Recruitment,@jobbiohq,"AIB, Bank of Ireland, Dublin BIC, HBAN, IVCA, Web Summit, Accenture"
JobsCrush,http://www.jobscrush.com/,HR & Recruitment,,Dublin BIC
Journie,http://journ.ie,Big Data & Analytics,@journiehq,"NDRC, Accenture"
Juggle247,www.juggle247.com,FinTech,,Accenture
Jumble,https://www.jumble.io/#,Security & Encryption,@JumbleSecurity,"Bank of Ireland, Dublin BIC, HBAN, IVCA, Silicon Republic"
Kabzy,www.kabzy.com,Travel,,
KantanMT,https://www.kantanmt.com/,Enterprise,@KantanMT,Invent DCU
Kastus Antimicrobial Technologies,http://www.kastus.com,Environment (green/clean),,Crunchbase
Ketchup,http://www.useketchup.com,Enterprise,@ketchup,"Bank of Ireland, IVCA"
KillBiller,http://www.killbiller.com,Big Data & Analytics,@kill_biller,"Dublin BIC, EI HPSU, DIT Hothouse, Accenture"
Kinesense,http://www.kinesense-vca.com,Security & Encryption,@KinesenseVCA,"AIB, Bank of Ireland, IVCA"
Kinesis Health Technologies,http://www.kinesis.ie/,Digital Health,@kinesisHT,"Bank of Ireland, Dublin BIC, IVCA, Nova UCD"
Kinzna,http://kinzna.com/,Advertising & Marketing,,LEO
Kiosked,http://www.kiosked.com,Advertising & Marketing,@Kiosked,AIB
Kitman Labs,http://kitmanlabs.com,Sports,@kitmanlabs,"Dublin BIC, IADT Media Cube, IVCA, Trinity Research & Innovation"
Kjaya Medical,http://www.kjayamedical.com,"Enterprise, MedTech",,AIB
Kokomo Healthcare,http://www.kokomo.eu,MedTech,,DCSO
Kong Digital,http://kongalytics.com/,Big Data & Analytics,@Kongalytics,Web Summit
Konnectagain,https://konnectagain.com/,Enterprise,,"IVCA, Dogpatch Labs, Accenture"
Kooomo,http://www.kooomo.com/,eCommerce,@kooomocom,Web Summit
KwikDesk,http://kwikdesk.com/home/,Security & Encryption,,
Lab Unlimited,https://www.labunlimited.com/,Environment (green/clean),@labunlimited,AIB
LabCup,http://www.labcup.net,MedTech,@LabCupIRL,Trinity Research & Innovation
Laundrie,http://www.laundr.ie/home.html,eCommerce,@laundriedublin,Web Summit
Lavalloch Software,www.sportora.com,Social Media,sportorafans,Nova UCD
LayerLabz,http://www.layerlabz.com/,Hardware & IoT,@LayerLabz,"Bank of Ireland, IVCA, EI HPSU, DCU Ryan Academy"
Learning Data,http://learningdata.ie/,EdTech,,
Learnosity,http://www.learnosity.com,Enterprise,@learnosity,"AIB, Bank of Ireland, Dublin BIC, IVCA"
LearnUpon,http://www.learnupon.com,EdTech,@LearnUpon,"Dublin BIC, NDRC"
Legal Dash,www.legaldash.com,Enterprise,,
Legal Shine,http://www.legalshinehq.com/,Enterprise,@legalshine,"Bank of Ireland, IVCA, NDRC, Accenture"
Lesson Prep,http://www.lessonprep.org/,EdTech,,Trinity Research & Innovation
Lets Eat,http://letseat.ie/,eCommerce,,The Hive @ Liffey Trust
Lets Get Checked,,Digital Health,,Dogpatch Labs
Libramatic.com,http://www.libramatic.com,Enterprise,@Libramatic,"Bank of Ireland, IVCA"
LifeSight,http://lifesight.io,FinTech,@WeAreLifeSight,"Dublin BIC, NDRC"
LikeCharity,LikeCharity.com,Philanthropy & Social Good,@LIKECHARITYnews,DCSO
LikeWhere,http://business.likewhere.com,Advertising & Marketing,@likewhere,"Bank of Ireland, IVCA, EI HPSU, DCU Ryan Academy, Accenture"
Lincor Solutions,http://www.lincor.com,Enterprise,@Lincor,"AIB, Digital Hub"
Linguabox,http://www.linguabox.biz,EdTech,@linguaboxdotbiz,"Bank of Ireland, IVCA"
Linked Finance,https://www.linkedfinance.com/,FinTech,,
Little Vista,http://littlevista.ie,Enterprise,@little_vista,Silicon Republic
Liveduel,http://liveduel.com/,Entertainment & Publishing,@LiveDuel,Techstars
LiveGaelic.com,http://livegaelic.com/,Entertainment & Publishing,@GAALive,GEC
Locadot,http://www.locadot.org/,Big Data & Analytics,@locadotinc,Web Summit
Localmint,http://www.localmint.com,Advertising & Marketing,@thelocalmint,NDRC
LocalSocial,http://www.mylocalsocial.com,Enterprise,@localsocial,"Bank of Ireland, IVCA"
Locatible,http://locatible.com/,Digital Health,@locatible,"Dublin BIC, Silicon Republic, DIT Hothouse, Accenture"
Logentries,http://logentries.com,EdTech,@logentries,"AIB, Fontline Ventures, NDRC, Accenture"
Logicearth,http://logicearth.com/,EdTech,@logicearth,EI
LogiDeals,http://logideals.com,eCommerce,@logideals,"Bank of Ireland, Dublin BIC, IVCA"
Loginify,http://loginify.com,Enterprise,,"Bank of Ireland, IVCA"
LogoGrab,http://www.logograb.com,Advertising & Marketing,@logograb,"Bank of Ireland, IVCA, Accenture"
LogScreen,http://www.logscreen.ie/,Security & Encryption,,"Nova UCD, Accenture"
LookupPoint,http://www.lookuppoint.com/Pages/Home.aspx,Enterprise,@LookupPoint,"Bank of Ireland, Dublin BIC, IVCA"
Love & Robots,http://loveandrobots.com,Hardware & IoT,@LoveandRobotsHQ,"Frontline Ventures, DCU Ryan Academy"
Loylap,http://www.loylap.com,Advertising & Marketing,@loylap,"NDRC, Silicon Republic, Accenture"
Lucky Sods,http://www.luckysods.com,eCommerce,,"Bank of Ireland, IVCA"
Lumafit,http://www.lumafit.com/kickstarter,Sports,@LumaFit,"HBAN, NDRC, Silicon Republic"
M2C,http://www.m2c.ie/,Environment (green/clean),,"DCU Innovation, Accenture"
Macalla,http://www.macalla.com,MedTech,@macalla,"Bank of Ireland, IVCA"
MachineryÂ­user.com,http://machinery-user.com/,"eCommerce, Enterprise",@MachineryUser,Web Summit
Madinks,http://www.madinks.ie,eCommerce,@OfficialMadinks,Web Summit
Madme,http://www.mad-me.com/,Telecommunications & Networking,,AIB
Magenta Bay,http://www.ndrc.ie/projects/magenta-bay-ltd/,Big Data & Analytics,,NDRC
Magnetar Medical Devices Ltd.,http://www.magnetarmedicaldevices.com/,MedTech,,EI
Mainstay Medical,http://www.mainstay-medical.com/,MedTech,,AIB
Maker Electronics Ireland,http://www.maker.ie,Enterprise,@__maker,"Bank of Ireland, IVCA"
Mapflow,www.mapflow.com,Travel,,Accenture
Mapme,http://mapme.com/,Entertainment & Publishing,,DCSO
Marketfinder,http://www.realmarketfinder.com,Enterprise,,"EI HPSU, HBAN, Accenture"
Maven46,http://maven46.com/,Entertainment & Publishing,,
MDG Web (Music & Data Geeks),http://mdg.io,Entertainment & Publishing,@musicdatageeks,"Bank of Ireland, IVCA"
Medical Banks,https://www.medicalbanks.com,HR & Recruitment,,Web Summit
Medical eGuides-MEG,http://www.medicaleguides.com/,Enterprise,@MedicaleGuides,"Bank of Ireland, IVCA"
Medxnote,http://www.medxnote.com,Digital Health,@medxnote,"EI HPSU, NDRC, Accenture"
Meebler,http://www.meebler.com/,Telecommunications & Networking,@meeblerhq,"Bank of Ireland, IVCA, NDRC"
Meehan Greene Technologies,http://meehangreene.com/,Environment (green/clean),,LEO
Meetingsbooker,,Entertainment & Publishing,,Accenture
Meez,https://www.meez.com/,Social Media,@meeznation,The Hive @ Liffey Trust
Melosity Ltd,http://melosity.com/,Entertainment & Publishing,,
MentorPitch,https://www.mentorpitch.com/,Telecommunications & Networking,@mentorpitch,NDRC
Menupages.ie,http://www.menupages.ie,Advertising & Marketing,@menupages_ie,"Bank of Ireland, IVCA"
Message Hero,http://www.messagehero.com,Telecommunications & Networking,,Crunchbase
Metabolomic Diagnostics,http://www.metabolomicdiagnostics.com/,MedTech,,
Metalabs,http://metalab.co/,Advertising & Marketing,@metalab,NDRC
MetricFire,http://www.metricfire.com/,Enterprise,,Crunchbase
MicksGarage,http://www.micksgarage.com,eCommerce,@MicksGarage,"AIB, Bank of Ireland, Bublin BIC, IVCA"
Microbide,http://www.microbide.com/,MedTech,@microbide,Crunchbase
MIITO,http://www.miito.com/,Hardware & IoT,@projectmiito,DCU Ryan Academy
MindConnex Learning,http://www.mindconnex.com,EdTech,@MindConnexNews,"AIB, Bank of Ireland, IVCA"
minderfinders,http://www.minderfinders.ie/,Social Media,minderfinders,GEC
Minimate,http://www.medistori.ie,MedTech,,"Bank of Ireland, IVCA"
Mint Tek Circuits,http://mint-tek.com/,Hardware & IoT,@minttekcircuits,DCU Ryan Academy
Miravex,http://www.miravex.com/,MedTech,,"AIB, Dublin BIC, Trinity Research & Innovation, Accenture"
Mobacar,http://www.mobacar.com/,Enterprise,@mobacar,IVCA
Mobile Minder,http://mobileminder.com/,Security & Encryption,,DCU Ryan Academy
Mobile Travel Technologies,http://mttnow.com,Travel,@Mobile_Travel,"AIB, Bank of Ireland, EI HPSU, IVCA"
MobileAware,http://www.mobileaware.com,Enterprise,@mobileaware,"AIB, Digital Hub"
mobiThinking,http://mobithinking.com/,Enterprise,@mobithinking,Crunchbase
Mobstats,http://mobstats.com/,Sports,@MobstatsMob,"Digital Hub, NDRC"
Monita Analytics,www.monita.ie,Big Data & Analytics,,DIT Hothouse
Monitor Backlinks,http://monitorbacklinks.com,Enterprise,@MonitorBacklink,"Bank of Ireland, IVCA"
Moocall Sensors,https://moocallsensors.com/,Hardware & IoT,@moocallsensors,AIB
AM Munroes Corporation Ltd,www.munroes.net,,@munroesjerk,DIT Hothouse
Motar,http://www.motarme.com,Enterprise,@Motarme,"Bank of Ireland, IVCA"
Movement,http://www.movement.ie/,MedTech,,"AIB, LEO"
Movidius,http://www.movidius.com,Telecommunications & Networking,@movidius,"AIB, Trinity Research & Innovation"
Mozobi,www.mozobi.com,eCommerce,@MozobiPayments,Nova UCD
Muddy Music App,http://muddyapp.com,Entertainment & Publishing,@Muddymusicapp,DCSO
Mummy Cooks,www.mummycooks.ie,Digital Health,@mummycooks,DIT Hothouse
Murco Gas Detection,http://www.murcogasdetection.com,Environment (green/clean),,"Bank of Ireland, IVCA"
Mustard,http://mustard.ie/,HR & Recruitment,@DublinMustard,NDRC
MuteButton,http://www.mutebutton.ie,MedTech,,"AIB, Bank of Ireland, IVCA, NDRC, Accenture"
My DealDoc,http://www.mydealdoc.ie/,Advertising & Marketing,,"IADT Media Cube, Silicon Republic, DIT Hothouse"
My FreeTime,http://myfreetime.ie,Travel,@myfreetimer,"Bank of Ireland, IVCA"
My Future Now,https://myfuturenow.co.uk/,FinTech,,NDRC
My Good Points,http://mygoodpoints.org/,Philanthropy & Social Good,@MyGoodPoints,NDRC
My Octopus,http://www.myoctopus.io/,Hardware & IoT,@MyOctopus_io,Web Summit
My Place Connect,http://www.myplaceconnect.com/,Telecommunications & Networking,@myplaceconnect,Crunchbase
MySmark,http://home.mysmark.com/en/,Enterprise,@RTMySmark,"Bank of Ireland, IVCA, AIB, GEC"
Mytalengi,http://mytalengi.com/,HR & Recruitment,,Web Summit
Mytechbuyback,http://www.mytechbuyback.com/,FinTech,,DCU Ryan Academy
MyVolts,http://myvolts.com/,Environment (green/clean),@MyVoltsTweets,AIB
myZanadoo,http://www.myzanadoo.com/,eCommerce,@amycaragher,LEO
NaviNet,http://www.navinet.net,Enterprise,@NaviNet,Crunchbase
Neighbours.ie,http://www.neighbours.ie,Social Media,@neighbours_ie,"Bank of Ireland, IVCA"
Neosfar,http://www.neosfar.com/,Hardware & IoT,@neosfar,DCU Innovation
NeoSurgical,http://www.neosurgical.com,MedTech,@neosurgical,Synergy Centre
Net Affinity,http://www.netaffinity.com/,Travel,@netaffinity,AIB
Neuro Hero,http://www.neurohero.com/,Digital Health,@neurohero,"EI HPSU, NDRC, IVCA"
Neuromod Devices,http://neuromoddevices.com,MedTech,@neuromoddevices,"AIB, Bank of Ireland, IVCA, HBAN, Nova UCD, Maynooth University"
Neurosynergy Games,http://www.neurosynergygames.com/,Entertainment & Publishing,,NDRC
NewBroom,http://newbroom.ie/,Telecommunications & Networking,,GEC
NewsWhip,http://www.newswhip.com/,Enterprise,,
Nexala,http://www.nexala.com,Enterprise,,AIB
Nimble Apps Limited,http://www.salesclic.com,Enterprise,salesclic,"Bank of Ireland, IVCA"
Nordeus,http://www.nordeus.com,Entertainment & Publishing,@Nordeus,Crunchbase
Noster Mobile,http://www.noster.mobi,Advertising & Marketing,@nostermobile,"Bank of Ireland, IVCA"
Notes,http://notes.io/,Entertainment & Publishing,@notesio,NDRC
Novaerus,www.novaerus.com,Hardware & IoT,,DCU Innovation
Novogrid,http://www.novogrid.com/,Environment (green/clean),@Novo_Grid,"NDRC, Nova UCD"
Nuion,http://nuion.com/,Hardware & IoT,@nuion2015,Web Summit
Nuodb,http://www.nuodb.com/,Big Data & Analytics,@nuodb,Dogpatch Labs
Nuritas,http://www.nuritas.com/,Digital Health,@NuritasResearch,"IVCA, NDRC, Nova UCD"
Nursebuddy,http://nursebuddy.co/,Digital Health,@Nurse_Buddy,healthxl.org
Nutritics,https://www.nutritics.com,Digital Health,@Nutritics,healthxl.org
NuWave Ventures,www.nuwaveventures.com,Hardware & IoT,,DCU Innovation
Obatics Software,http://www.obatics.com,Enterprise,,"Bank of Ireland, IVCA"
Obeo,http://weareobeo.com/,Environment (green/clean),@weareobeo,"EI HPSU, HBAN, DCU Ryan Academy"
Obi,http://obihealth.com/,MedTech,,Web Summit
OCRex,http://www.ocrex.com,Enterprise,@OCRexSoftware,"Bank of Ireland, IVCA, Dublin BIC, Accenture"
Ocuco,http://www.ocuco.com,Enterprise,@_ocuco,"AIB, Bank of Ireland, IVCA, IBEC, ISA"
Oddsfutures.com,http://www.oddsfutures.com,Entertainment & Publishing,@oddsfutures,"Bank of Ireland, IVCA, DCU Ryan Academy"
Odikyo,http://www.odikyo.com,Sports,@odikyo,"Bank of Ireland, IVCA"
ohelpo,http://www.ohelpo.com/,Social Media,@ohelpo_com,Web Summit
Olytico,http://www.olytico.com,Advertising & Marketing,@olytico,DCSO
Oncomark,http://www.oncomark.com,MedTech,@OncoMarkTweet,"AIB, Bank of Ireland, IVCA, UCD Innovation, Accenture"
One Fab Day,http://onefabday.com/ie/,eCommerce,@onefabday,DCU Ryan Academy
OnePageCRM,http://www.onepagecrm.com/,Enterprise,@onepagecrm,Accenture
Oneposting,http://www.oneposting.com/,Enterprise,@oneposting,IADT Media Cube
Oneview Healthcare,http://www.oneviewhealthcare.com/,Digital Health,@oneviewhc,AIB
Open Wifi,http://www.openwifi.ie/,Telecommunications & Networking,@fastfreewifi,"Bank of Ireland, IVCA"
OpenApp,https://www.openapp.ie/,MedTech,@OpenappIreland,AIB
OpenBack,http://www.openback.com/,Big Data & Analytics,@openbacklibrary,DCU Ryan Academy
Openet,http://www.openet.com,Telecommunications & Networking,@OpenetGlobal,"Bank of Ireland, IVCA"
OpenHydro,http://www.olytico.com,Environment (green/clean),@dcnsgroup,Crunchbase
Opening.io,http://www.opening.io,HR & Recruitment,@openingdublin,DCSO
OpenJaw Technologies,http://www.openjawtech.com/,Travel,@OpenJawTech,"AIB, Bank of Ireland, IVCA"
Openmind Networks,http://www.openmindnetworks.com/,Telecommunications & Networking,@Openmind_Ntwks,"AIB, Bank of Ireland, IVCA"
Openplain,http://www.oneposting.com/,Enterprise,,AIB
Operation Umbrela,http://tryilo.com,Social Media,@Tryilo_Umbrella,DCSO
Opsh,http://www.opsh.com,eCommerce,@_OPSH,"Bank of Ireland, IVCA, DCU Ryan Academy, Accenture"
Opsona Theraputics,http://www.opsona.com,MedTech,,"IVCA, Trinity Research & Innovation, Accenture"
OptiWifi,http://www.optiwifi.com/,Telecommunications & Networking,,
Optrace,http://optrace.ie/,Enterprise,@OptraceHolo,"NDRC, Accenture"
Oral eye,http://www.oraleye.com,Digital Health,@oraleye,Crunchbase
Orion Veterinary,http://www.orionveterinary.com/,Digital Health,,"Nova UCD, Accenture"
Orreco,http://orreco.com/connect/,Sports,,
Outfarm,http://www.outfarm.com/,Enterprise,@outfarm,LEO
Outline App,http://www.outline.com,Enterprise,@Outlinedotcom,"Bank of Ireland, IVCA"
Overcast,https://overcast.fm/,Entertainment & Publishing,@OvercastFM,Web Summit
p3 Technology,http://www.p3hotels.com/,Enterprise,@p3technology,IADT Media Cube
Pace Analytics,http://www.100paces.com/,Big Data & Analytics,@100paces,Crunchbase
PageFair,http://pagefair.com,Advertising & Marketing,@Pagefair,"Bank of Ireland, IVCA, Trinity Research & Innovation"
Panic Away,http://www.panicaway.com/,Digital Health,,"Dublin BIC, GEC"
Pantrx,http://www.pantrx.com,Big Data & Analytics,,Dublin BIC
Parentful,http://www.parentful.com,Advertising & Marketing,@parentful,"Bank of Ireland, IVCA, DIT Hothouse"
Parii,http://www.parii.me,"Enterprise, Social Media",,"Bank of Ireland, IVCA"
ParIntel,http://parintel.com/,Enterprise,@parintel1,Crunchbase
Parkbytext,http://www.parkbytext.ie/,Enterprise,@parkbytext,"Bank of Ireland, IVCA"
Parking Motel,http://parkingmotel.ie/,Travel,@ParkingMotel,Web Summit
Parkya,http://www.parkya.com,Travel,@teamparkya,"Bank of Ireland, Dublin BIC, IVCA, NDRC"
PatientBuddy,patientbuddy.co,MedTech,,
PaydIn,http://www.paydin.com/,FinTech,@payd_in,Web Summit
PaymentPlus,www.paymentplus.ie,FinTech,@payment_plus,Accenture
PaySign,https://www.mypaysign.com/account/login.aspx,FinTech,@paysign,The Hive @ Liffey Trust
Peace By Trade,www.peacebytrade.com,Philanthropy & Social Good,,Accenture
PennyOwl,https://www.pennyowl.com/,FinTech,,
Pepi-Post,www.pepipost.com,Enterprise,,
Peracton,http://www.peracton.com,FinTech,@twitterapi,Accenture
Performance Metrics,http://www.1872perform.com/,HR & Recruitment,,Synergy Centre ITT
Pet-me Social Network,http://pet-me.com,eCommerce,,DCSO
Pharmapod,http://www.pharmapod.ie/,Digital Health,@Pharmapod,"AIB, NDRC"
Phorest,http://www.phorest.com,Enterprise,@thephorestword,"AIB, Bank of Ireland, IVCA, Trinity Research & Innovation"
Pickacab,http://www.pickacab.com,Travel,@pickacab,"Bank of Ireland, IVCA"
PicMeals,www.paymentplus.ie,Social Media,@picmeals,Web Summit
Picturk,http://www.picturk.com,Entertainment & Publishing,@picturkphoto,"NDRC, DCU Ryan Academy"
Pilixo,https://www.pilixo.com,Advertising & Marketing,,Crunchbase
Pilot Photonics,http://www.pilotphotonics.com/,Enterprise,,"Invent DCU, Accenture"
Pinergy,www.pinergy.ie,Environment (green/clean),@PINERGY,Nova UCD
PIP Payments,www.pippayments.com,FinTech,@pippayments,Accenture
PiPiper Infrastructure,http://www.pipiper.com/,Telecommunications & Networking,,"Bank of Ireland, IVCA"
Pivot Security,http://www.pivotpointsecurity.com/,Security & Encryption,,Coworkinn
Pivotal,http://pivotal.io/,Enterprise,@pivotal,Dogpatch Labs
Pixalert,http://www.pixalert.com,Security & Encryption,@PixAlert,"Digital Hub, Accenture"
Pixcelldata,www.pixcelldata.com,MedTech,,Dell
PixelPuffin,http://www.pixelpuffin.com,Entertainment & Publishing,,Trinity Research & Innovation
PixelSoup,http://www.pixelsoup.ie,Entertainment & Publishing,@PixelSoupDublin,"Bank of Ireland, IVCA"
Planet Verify,http://planetverify.com/,Enterprise,,NDRC
Playertek,http://playertek.com/,Sports,@PlayerTek,"IVCA, Web Summit"
PlayTank,http://landing.playtank.net/,Enterprise,@play_tank,"Bank of Ireland, IVCA"
Plezica,http://www.plezica.com/,Hardware & IoT,,"DCU Ryan Academy, Nova UCD"
Pocket Anatomy,http://www.pocketanatomy.com/,EdTech,,Accenture
Point the Way,http://www.pointthewaygps.com,Enterprise,@pointtheway,NDRC
Pointpin,https://pointp.in/,Enterprise,@PointpinApp,Crunchbase
Pointy,https://www.pointy.com/,Enterprise,@getpointy,IVCA
Polecat,http://www.polecat.com/,Big Data & Analytics,,AIB
Poleeto,https://www.poleeto.com/,Philanthropy & Social Good,@Poleetocom,Web Summit
Popdeem,http://popdeem.com,Advertising & Marketing,@popdeem,"AIB, NDRC, Accenture"
Popertee,http://www.popertee.com/,Enterprise,@popertee,
POW eLearning,https://www.powelearning.com/,EdTech,@powelearning,Web Summit
Presidion,http://www.presidion.com/,Big Data & Analytics,@Presidion,AIB
Printzware,https://printzware.com/,Enterprise,@printzware,Accenture
Privacy Engine,https://privacyengine.io/,Security & Encryption,,
Projet2Team,http://www.projet2team.fr/,Enterprise,@projet2team,GEC
Promocodes.ie,http://promocodes.ie/,Enterprise,@PromoCodesIE,GEC
ProperOrder,http://www.properorder.ie/,Enterprise,@properorderirl,"GEC, DIT Hothouse"
Property Button,https://www.propertybutton.ie/,Advertising & Marketing,@propertybutton,Web Summit
Propertygate,http://propertygate.ie,Enterprise,@PropertygateHQ,"Bank of Ireland, IVCA, NDRC"
Prospr Health,http://www.prosprhealth.com,Digital Health,@ProsprHealth,"NDRC, Silicon Republic, Accenture"
PST Innovation,http://www.pstinnovation.com/,Hardware & IoT,,"Bank of Ireland, IVCA"
Publish,http://www.publish.ie/,Entertainment & Publishing,@publish_ie,The Hive @ Liffey Trust
Pucker,http://lovepucker.com/,eCommerce,@PuckerHQ,"DCU Ryan Academy, Silicon Republic"
Pulsate,http://pulsatehq.com,Advertising & Marketing,@pulsatehq,"Bank of Ireland, IVCA, Accenture"
Pundit Arena,http://www.punditarena.com,Entertainment & Publishing,@PunditArena,HBAN
Purveyance,http://www.purveyanceaq.com/,Enterprise,,DIT Hothouse
Purveyance Solutions,http://www.purveyancesolutions.com/,Big Data & Analytics,,DIT Hothouse
Pushstartr,http://pushstartr.com,Big Data & Analytics,@pushstartr,NDRC
Qreach,https://www.qreach.com/,Social Media,@qreachup,Web Summit
Quibli,http://www.quibli.com,Social Media,,"Bank of Ireland, IVCA, Dublin BIC"
RaceCaller,http://www.racecaller.com,Sports,@racecaller,"Bank of Ireland, IVCA, Dublin BIC"
Radii,http://radii.ie/,EdTech,@greg_connolly,LEO
Radiomade,http://www.radiomade.ie/,Entertainment & Publishing,@radiomade_live,LEO
Ragespark,http://www.ragespark.com/,Telecommunications & Networking,@ragesparkvoip,Dublin BIC
Rainmaker Business Technologies,http://rainmaker.aero/,Enterprise,@rainmakerbt,AIB
Rainsafe Water,http://www.rainsafewater.com/,Environment (green/clean),@rainsafe,Web Summit
RaiseYourIQ,http://raiseyouriq.com/,Enterprise,@RaiseYourIQ,"Bank of Ireland, IVCA, Maynooth University"
Rapt Touch,http://www.rapttouch.com,Hardware & IoT,@RAPTTouch,"AIB, Bank of Ireland, IVCA"
Rate Wise,http://www.rate-wise.com,Enterprise,,"Bank of Ireland, IVCA"
RateMyArea.com,http://www.RateMyArea.com,Social Media,@ratemyarea,"Bank of Ireland, IVCA"
Realex Payments,http://realexpayments.com,FinTech,@realexpayments,"AIB, Bank of Ireland, IVCA"
ReBrandly,www.rebrandly.com,Advertising & Marketing,@RebrandlyBuzz,Web Summit
ReCharge My eCar,http://rechargemyecar.com/,Enterprise,,DCU
Recipe Guru,http://www.ndrc.ie/projects/recipe-guru/,Entertainment & Publishing,,NDRC
ReciTell,http://www.recitell.com/,Telecommunications & Networking,,Accenture
Red Pen eLearning,http://www.redpen-elearning.com/,EdTech,@redpenel,Web Summit
Red Sky,http://www.redsky.ie/,Advertising & Marketing,@RedSkyWeb,Dublin BIC
RedHills,http://www.redhills.ie,Enterprise,@RedHills_ie,"AIB, Bank of Ireland, IVCA"
RedSqirl,http://www.redsqirl.com/,Big Data & Analytics,,DCU Ryan Academy
RedT,http://www.redtenergy.com/,Environment (green/clean),@REDT_energy,"Bank of Ireland, IVCA"
Reep Rewards,http://www.reeprewards.ie,Advertising & Marketing,@Reep_Rewards,"AIB, Bank of Ireland, IVCA, Frontline Ventures"
Refer Me Please,http://refer-me-please.com/,HR & Recruitment,,The Hive @ Liffey Trust
ReferStar,http://www.referstar.com,HR & Recruitment,@referstar,"AIB, Bank of Ireland, IVCA"
Reflex,http://www.getreflex.io/,Sports,,
Relevenz,http://www.relevenz.com,Social Media,@RelevenzApp,Accenture
Rendicity,http://www.rendicity.com/,Big Data & Analytics,,DCU Ryan Academy
Renishaw Electronics,http://www.renishaw.com/,Hardware & IoT,,AIB
Rent View,http://www.rentview.co.uk,Enterprise,@rentview_,"Dublin BIC, Dell"
Reskitv,http://reskitv.com/,Travel,@reskitv,LEO
Resource Kraft,http://resourcekraft.com/,Environment (green/clean),,DCU Innovation
Resquez,https://www.resquez.com/,MedTech,@rescuez,LEO
Restored Hearing,http://www.restoredhearing.com,Digital Health,@RestoredHearing,"Silicon Republic, Accenture"
Reverbeo,http://www.reverbeo.com,Enterprise,@reverbeo,"NDRC, Trinity Research & Innovation"
Riffstation,http://www.riffstation.com,Entertainment & Publishing,@riffstation,"Bank of Ireland, IVCA"
Right to Sight Technology,http://www.righttosight.com/,Philanthropy & Social Good,,NDRC
Riptide Academy,http://riptideacademy.com/,EdTech,@RiptideAcademy,
RoamPA,http://www.roampa.com,Enterprise,@roampa1,"Bank of Ireland, IVCA, GEC, EI HPSU"
Robust Perception,http://www.robustperception.io/,Enterprise,,DCSO
Rockboro Analytics,http://www.rockboroanalytics.com,FinTech,,"Bank of Ireland, IVCA"
Rococo Software,http://www.rococosoft.com,Enterprise,@rococosoft,"AIB, Bank of Ireland, IVCA, NDRC"
Rongella,http://www.rongella.com/,Entertainment & Publishing,@Rongella,GEC
Rook,http://www.ndrc.ie/projects/rook/,Advertising & Marketing,,NDRC
Roomex,http://www.Roomex.com,Travel,@roomex,"AIB, Bank of Ireland, IVCA"
Rouge Reel,http://www.RougeReel.com,eCommerce,@rougereel,"Bank of Ireland, IVCA"
Rowcatcher,http://www.rowcatcher.com/,Sports,,"EI, Synergy Centre"
Rtlinx,http://www.rtlinx.com/,Advertising & Marketing,@RTLINX,Crunchbase
RTM,http://www.rtm.ie,Enterprise,,"Bank of Ireland, IVCA"
Rubberstamp.io,www.rubberstamp.io,Enterprise,,Accenture
Rubicoin,http://rubicoin.com,Enterprise,,"Nova UCD, Accenture"
Rumbill,http://www.rumbill.com/,FinTech,,
RunLastMan.com,www.RunLastMan.com,Entertainment & Publishing,,Accenture
Ryco Ecommerce,http://www.rycoecommerce.ie/,eCommerce,,"Bank of Ireland, IVCA"
SaaSAssurance,http://www.saasassurance.com,Enterprise,@2SaaS,NDRC
Safefood 360,http://www.safefood360.com,Enterprise,@safefood360,"AIB, Bank of Ireland, IVCA, Dublin BIC"
Sailclever,http://sailclever.softwareinformer.com/,Enterprise,,"LEO, UCD Innovation"
Sainoco,http://getmeal.ie,eCommerce,@goorderfoodcom,DCSO
Salaso,https://salaso.com/,Digital Health,,
Sales6ix.com,http://www.sales6ix.com,Enterprise,@Sales6ix,"Bank of Ireland, IVCA"
SalesManager,http://www.salesmanager.nl/en/,Enterprise,@smscrm,Digital Hub
SalesOptimize,http://www.salesoptimize.com,Big Data & Analytics,@sales_optimize,"EI HPSU, Accenture"
Sam 360,http://www.sam360.com,Enterprise,@Sam360Pro,Crunchbase
Samm,http://samm.ie,Advertising & Marketing,@sammlocal,Invent DCU
Sandbyte Technologies,http://www.sandbyte.com,Enterprise,,Crunchbase
Saxa,http://www.saxastore.net/,eCommerce,@SAXAStore,Web Summit
Scientific Resources,http://scientificresources.ie,Big Data & Analytics,,"Trinity, Accenture"
Scorebuddy,http://www.scorebuddy.co.uk,Enterprise,@score_buddy,GEC
Scrazzl,http://scrazzl.com/,Enterprise,@scrazzl,"NDRC, Accenture"
Scream Technologies,http://www.screamtechnologies.com,Entertainment & Publishing,,Dogpatch Labs
Scredible,www.scredible.com,Entertainment & Publishing,,Nova UCD
Scriba Stylus,http://getscriba.com/,Hardware & IoT,@getscriba,DIT Hothouse
Scurri,https://www.scurri.co.uk/,Enterprise,,Dogpatch Labs
Seamless,www.weareseamless.com,Enterprise,@weare_seamless,DIT Hothouse
SecureLinx,http://securelinx.com/,Enterprise,@securelinx,Crunchbase
Seen on Set,http://www.ndrc.ie/projects/seen-on-set/,Enterprise,,NDRC
Seesearch,http://www.myseesearch.com/,Advertising & Marketing,@seesearch,"AIB, Bank of Ireland, IVCA, IADT"
Selc,http://www.selc.ie/,Enterprise,@SELCIrelandLtd,AIB
SelfieCop,https://www.selfiecop.com/,Social Media,@selfiecop,EI HPSU
SelfSense Technologies,http://selfsense.ie/,MedTech,@SmartSplint,"NDRC, Web Summit, Trinity Research & Innovation"
Sembly,https://sembly.io/,EdTech,@SemblyApp,Web Summit
SendRR,http://sms.sendrr.in/,Telecommunications & Networking,,NDRC
Sensomi,https://www.crunchbase.com/organization/sensomi#/entity,EdTech,,"Bank of Ireland, IVCA"
Sentient Solutions,http://www.sentient.ie/,Enterprise,,"AIB, GEC"
Shake Labs,http://www.shake.io,HR & Recruitment,@shakeio,"Dogpatch Labs, Silicon Republic"
ShakeConnect,http://shakeconnect.io/,Enterprise,,DCSO
Share Navigator,http://sharenavigator.ie,FinTech,,"LEO, Accenture"
Shimmer,www.shimmersensing.com,Hardware & IoT,,"DCU Innovation, AIB"
Shop Shepherd,http://www.bossanova.ie/blog/shop-shepherd,eCommerce,@BossanovaDublin,"Bank of Ireland, IVCA"
Shopism,http://www.shopism.com/,eCommerce,@shopism,Crunchbase
ShopLoyal,http://www.shoployal.ie/,Advertising & Marketing,,
ShotClip,http://www.shotclip.com,Social Media,@shotclip,NDRC
ShowGuider,http://www.showguider.com/,Enterprise,,Crunchbase
Siario,http://www.siario.com/,Enterprise,,AIB
Siartech,http://www.siartech.com,Advertising & Marketing,,"Bank of Ireland, IVCA"
Signatur,http://signatur.co,FinTech,SignaturCo,"Bank of Ireland, IVCA, NDRC, Accenture"
Silansys Semiconductor,http://www.silansys.com,Hardware & IoT,,"AIB, Bank of Ireland, IVCA"
Silooette,http://silooette.com/,Social Media,,"IADT Media Cube, DIT Hothouse"
SilverCloud Health,http://silvercloudhealth.com,Digital Health,@SilverCloudH,"Dublin BIC, ISA, NDRC"
Sim Local,http://www.simlocal.com,Telecommunications & Networking,@SimLocal,"AIB, Bank of Ireland, IVCA"
SIMchronise,http://www.simchronise.com,Security & Encryption,,"AIB, Bank of Ireland, IVCA"
Similarity Systems,https://www.siliconrepublic.com/companies/2006/01/27/similarity-systems-bought-by-california-firm-for-us55m,Enterprise,,"Bank of Ireland, IVCA"
Simple Rooms,http://simplerooms.net/,Travel,,NDRC
Simplified,http://www.simplified.tv,Enterprise,@SimplifiedTV,"Bank of Ireland, IVCA"
SimpliFly,http://www.simpliflyapp.com/,Advertising & Marketing,,Dogpatch Labs
Simply Golf,http://simplygolf.com/,Travel,@simplygolf1,"Bank of Ireland, IVCA, EI HPSU"
Simply Zesty,http://www.simplyzesty.com,Advertising & Marketing,@simplyzesty,"AIB, Bank of Ireland, IVCA"
Simteractive,http://www.simteractive.com,Entertainment & Publishing,@simteractive,"Bank of Ireland, IVCA, Trinity Research & Innovation"
Simulty,http://www.simulty.com,Enterprise,@Simulty,"Bank of Ireland, IVCA, GEC"
Siteshare,www.siteshare.ie,Enterprise,,DIT Hothouse
SiteSpy,http://www.sitespysolutions.com,Hardware & IoT,,"Launchbox, Trinity College Dublin"
SixMinute Games,http://www.sixminute.com/,Entertainment & Publishing,@SixMinuteTweets,
Skmmp,http://skmmp.com/,Entertainment & Publishing,,"DCU Ryan Academy, DIT Hothouse"
Skramblr Communications,http://Skramblr.com,Security & Encryption,@theskramblr,"Bank of Ireland, IVCA"
Skylads,http://skylads.com,Advertising & Marketing,@skylads,"Web Summit, Digital Hub"
Skynet Labs,http://www.skynetlabs.com,Enterprise,@Skynetlabs1,"AIB, Bank of Ireland, IVCA, Dublin BIC"
SkyTango,http://skytango.com/,eCommerce,@skytangoteam,
Slainte Healthcare,http://www.slaintehealthcare.com/,Enterprise,@SlainteHealth,AIB
SlidePath,http://us-demo.slidepath.com/,Enterprise,,"Invent DCU, Accenture"
Smart Bins,www.smartbin.com,Environment (green/clean),,DCU Innovation
Smart Hygiene,http://www.smarthygiene.ie,MedTech,@SmartHygiene,"Dublin BIC, LEO"
SmartCloud,http://www.smartcloud.ie/,Enterprise,,
SmartPower,http://www.smartpower.ie,Environment (green/clean),,"Bank of Ireland, IVCA"
Smartsplint,http://selfsensEIe/,Hardware & IoT,,AIB
SmashQuiz Football,http://www.smashquiz.com/,Social Media,smashquizfoot,Web Summit
Snapta,http://snapta.lk,Telecommunications & Networking,,"Bank of Ireland, IVCA, NDRC"
Sneaky Vegetables,http://sneakyvegetables.com,Entertainment & Publishing,@sneakyveg,"Bank of Ireland, IVCA, NDRC"
Snowglobe,http://www.snowglobegames.com,Entertainment & Publishing,,"AIB, Bank of Ireland, IVCA"
So Sell It,http://sosellit.ie/,eCommerce,@sosellitnow,"Bank of Ireland, IVCA, GEC"
Soap Box Labs,http://soapboxlabs.com/,EdTech,,"Dublin BIC, Web Summit"
Soar by Luminosity,www.soarsol.com,Enterprise,,Accenture
SocialColleague,http://socialcolleague.com,Social Media,@scolleague,"Bank of Ireland, IVCA, NDRC"
SocialHoney,http://www.socialhoney.co,Entertainment & Publishing,@socialhoneyco,"Dublin BIC, Accenture"
SocialTalent,http://www.socialtalent.co/,HR & Recruitment,,The Hive @ Liffey Trust
Socowave,http://www.socowave.com/,Telecommunications & Networking,,Accenture
Softco,http://www.softco.com/,Enterprise,,AIB
SoftPotential,http://softpotential.com/,Enterprise,@SoftPotential,Digital Hub
Solar Adtek,http://solaradtek.com/,Environment (green/clean),,Dublin BIC
Solgari,http://www.solgari.com,Enterprise,@solgaritweets,"Bank of Ireland, IVCA, Accenture"
Solovisor,http://www.solovisor.com,Telecommunications & Networking,@bengii,"Bank of Ireland, IVCA"
Sonex Metrology,http://www.sonex-metrology.com/,Environment (green/clean),,"Invent DCU, Accenture"
Sonitus Systems,http://www.sonitussystems.com/,Environment (green/clean),@sonitussystems,"Dublin BIC, LEO, Trinity Research & Innovation"
Sool Nua,http://soolnua.com,Advertising & Marketing,,IADT Media Cube
Soosokan,http://www.soosokan.com,Entertainment & Publishing,,Trinity Research & Innovation
Soundwave,http://www.soundwave.com,Entertainment & Publishing,@Soundwave,"AIB, NDRC, Trinity Research & Innovation"
Source-Code,http://www.source-code.com,HR & Recruitment,@Source_Code100,"Bank of Ireland, IVCA"
Spanish Point Technologies,http://www.spanishpoint.ie/,Enterprise,@spanish_point,AIB
SparkPage,http://sparkpage.com,Enterprise,,DCSO
SportCurve,http://www.sportcurve.com/,Sports,@sportcurve1,Web Summit
Sportora,https://www.sportora.com/,Social Media,@sportorafans,Crunchbase
Sprism,http://www.sprism.ie,Big Data & Analytics,@sprismActual,"Bank of Ireland, IVCA, Dell"
Square1,http://www.square1.io/,Enterprise,,
Squelo,http://squelo.com/,Social Media,,
Staff Balance,http://staffbalance.ie/,HR & Recruitment,,"AIB, Dublin BIC"
StaffOrg.com,http://www.stafforg.com,HR & Recruitment,@StaffOrgcom,"Bank of Ireland, IVCA"
Stageville,https://www.crunchbase.com/organization/stageville#/entity,Entertainment & Publishing,@stageville,Trinity Research & Innovation
StarDing,http://www.starding.com/,EdTech,@StarDingAFL,Dublin BIC
Starta Channel,http://startachannel.com/,Entertainment & Publishing,@StartaChannel,Web Summit
StartingDot,https://www.startingdot.com/,Advertising & Marketing,@startingdot,Digital Hub
Starverse Media,http://www.starverse.com,Entertainment & Publishing,@starversemedia,"Nova UCD, Accenture"
StatCounter,https://statcounter.com/,Big Data & Analytics,@statcounter,"Bank of Ireland, IVCA, Dublin BIC, GEC"
Statico,https://statico.io/,Big Data & Analytics,@statico_io,Crunchbase
Statwolf,http://statwolf.com/,Big Data & Analytics,@statwolf,Crunchbase
Stitcherads,www.stitcherads.com,Advertising & Marketing,,Accenture
Storm Technology,http://www.storm.ie/,Enterprise,,"AIB, Bank of Ireland, IVCA, ISA"
Storpal,http://www.storpal.com/,eCommerce,,Dublin BIC
Storyflow,http://storyflow.net/,Entertainment & Publishing,@TheStoryFlow,"Bank of Ireland, IVCA"
StoryToys,http://storytoys.com,Entertainment & Publishing,@StoryToys,"AIB, Bank of Ireland, IVCA"
Strata3,http://www.strata3.com,Enterprise,@strata3,"AIB, Bank of Ireland, IVCA"
Stratum,http://www.stratum.ie/,Enterprise,,"AIB, Dublin BIC"
Strudy,http://www.strudy.com/,Travel,,Web Summit
SumUp,https://sumup.com,Telecommunications & Networking,@SumUp_UK,"AIB, Bank of Ireland, IVCA"
Sunengen,http://www.sunengen.com,Environment (green/clean),,Crunchbase
Suntico,http://www.suntico.com,Enterprise,@Suntico,"AIB, Bank of Ireland, IVCA"
SuperPixel,http://lovesuperpixel.com,Enterprise,@SuperPixeI,"Dublin BIC, EI HPSU"
Suprfan,www.stitcherads.com,Advertising & Marketing,@suprfan,Crunchbase
SureDatum,http://suredatum.com/,Enterprise,,"Synergy Centre, ITT"
Surewash,http://www.surewash.com/,Big Data & Analytics,@surewash,Trinity Research & Innovation
Swap-Able,http://www.swap-able.com/,Philanthropy & Social Good,,"GEC, DIT Hothouse"
SwiftComply,https://www.swiftcomply.ie/,Enterprise,,
SwiftQueue,http://www.swiftQueue.com,Digital Health,@swiftQueue,"Bank of Ireland, IVCA, EI, Silicon Republic"
Switch Metrics,http://switchmetrics.com/,Big Data & Analytics,@lucyfr,
Swrve,www.swrve.com,Telecommunications & Networking,@Swrve_Inc,"AIB, Trinity Research & Innovation"
Swrve Mobile,https://www.swrve.com/,Telecommunications & Networking,,"AIB, LEO"
Synced.io,http://www.synced.io,eCommerce,@Syncedio,Digital Hub
SynergySuite,http://www.synergysuite.com,Enterprise,@synergysuite,AIB
Synference,https://www.crunchbase.com/organization/synference#/entity,Big Data & Analytics,,Accenture
Synthetech,www.synthetechinc.com,Entertainment & Publishing,,DIT Hothouse
SysComm,http://syscomm.ie/,MedTech,,Synergy Centre
Sysnet,www.sysnetglobalsolutions.com,Security & Encryption,,Accenture
Sytorus,http://www.sytorus.com/,Security & Encryption,@SytorusDP,Dublin BIC
TableBookings,http://www.tablebookings.com,Entertainment & Publishing,@TableBookingsHQ,Crunchbase
Talentevo,http://www.talentevo.com,Enterprise,@talentevo,"AIB, Dublin BIC, Accenture"
Talenthub,http://www.talenthub.ie/,HR & Recruitment,@TalentHubNews,Web Summit
TalentPack,http://www.talentpack.com,Enterprise,@TalentPack,"Bank of Ireland, IVCA"
Tapadoo,http://tapadoo.com,Telecommunications & Networking,@tapadoo,"LEO, NDRC"
Tapastreet,http://www.tapastreet.com,Big Data & Analytics,@tapastreet,Accenture
Tapir,http://www.tapir.me/,Enterprise,@GoTapir,"Bank of Ireland, IVCA"
Task Messenger,http://taskmessenger.com,Enterprise,@TaskMessenger,Crunchbase
TaskBiller,http://taskbiller.com/,Enterprise,@taskbiller,Crunchbase
Taxamo,www.taxamo.com,Enterprise,,Accenture
TCAS Online,http://tcasonline.com,Enterprise,@TCAS_Online,"AIB, Dublin BIC"
TeamSkill,http://www.teamskill.com,Enterprise,,Crunchbase
TeamTalk,http://www.teamtalk.io/,Social Media,@teamtalksports,Web Summit
Teamwork,https://www.teamwork.com/,Enterprise,,"Dogpatch Labs, Accenture"
Teanga,http://www.teanga.me,EdTech,@teangainfo,DCSO
Techworks Marine,http://www.techworks.ie/,Environment (green/clean),@TechWorksMarine,AIB
Tel Magnetic Solutions,http://www.magnetic-solutions.com/,Hardware & IoT,,Trinity Research & Innovation
Tele Health Services,http://contactcare.ie/telehealth/,MedTech,,AIB
Telecity Group,http://www.telecitygroup.ie/,Big Data & Analytics,,AIB
Tempbuddy,https://tempbuddy.com,Enterprise,@tempbuddy,"Bank of Ireland, IVCA, NDRC"
Tempity,http://www.tempity.com,Enterprise,@TempityTweets,"Bank of Ireland, IVCA, HBAN, NDRC"
Tenderscout,http://www.tenderscout.com,Big Data & Analytics,@tenderscout,"AIB, Bank of Ireland, IVCA, Dublin BIC"
Teqball,http://www.teqball.com/,Sports,,Dogpatch Labs
TerminalFour,http://www.terminalfour.com,Big Data & Analytics,@TERMINALFOUR,"AIB, Dublin BIC"
Testreach,http://www.testreach.com/,EdTech,,"DCU Ryan Academy, Nova UCD"
Tethras,http://www.tethras.com/,Enterprise,,Accenture
Text Me A Drink,http://www.text-me-a-drink.com,Enterprise,,"Bank of Ireland, IVCA"
ThankFrank,http://thankfrank.com,Social Media,thankfrankcom,"Bank of Ireland, IVCA, Synergy Centre"
The Blue Entity,http://nstrata.com/,Big Data & Analytics,,Web Summit
The Hub Controller,http://thehubcontroller.com/,Hardware & IoT,,EI
The Localizer,http://thelocalizer.com/,Enterprise,,Digital Hub
The Media Trader,http://themediatrader.com,Advertising & Marketing,@themediatrader,
The Product Works ,http://www.theproduct.works/,FinTech,@theproductworks,
The XX Corporation,http://www.thexxcorporation.com/,Advertising & Marketing,,DCSO
Thingamy,http://www.thingamy.com,Enterprise,@thingamy,"Bank of Ireland, IVCA"
Think Big,http://thinkbig.teradata.com/,Big Data & Analytics,,Dogpatch Labs
Thinscale Technology,http://thinscaletechnology.com,Enterprise,,IADT Media Cube
ThoughtBox,http://www.thoughtboxlearning.com,EdTech,@ThoughtBoxEd,"AIB, Bank of Ireland, IVCA, NDRC"
Tickerfit,http://www.tickerfit.com/,Digital Health,@@tickerfit,"DCU Ryan Academy, Dell"
Ticket ABC,http://www.ticketabc.com,eCommerce,@ticketabc,"Bank of Ireland, IVCA"
Tickets.ie,www.tickets.ie,eCommerce,,AIB
Tilltonic,https://tilltonic.com/,Enterprise,,"EI HPSU, DCU Ryan Academy"
Time Warden,http://1timetracking.com,Enterprise,@1time,"AIB, Bank of Ireland, IVCA"
Tip Tap Tap,http://www.tiptaptap.ie/,EdTech,@tiptaptap_edu,Web Summit
Tipple.me,http://tipple.me/,Philanthropy & Social Good,@GetTipple,"Bank of Ireland, IVCA"
Tito,https://ti.to/,Enterprise,,
Tivus,tivus.io,FinTech,,
Together Software,http://crmtogether.com/,Enterprise,,"Bank of Ireland, IVCA"
Tolerant Networks Ltd,http://tolerantnetworks.com/,Hardware & IoT,,Trinity Research & Innovation
Topper Technology Ltd,http://www.topper.ie,Enterprise,,DCSO
Total Defense,http://totaldefense.com,Security & Encryption,Total_Defense,Crunchbase
Touchapps,http://touchapps.ie/,Enterprise,,"Bank of Ireland, IVCA"
Touchtech Payments,http://touchtechpayments.com,FinTech,,"DCU Ryan Academy, Trinity Research & Innovation, Accenture"
TracknStop,http://www.tracknstop.com/,Security & Encryption,@tracknstop,"Bank of Ireland, IVCA, Silicon Republic, Accenture"
Tradeflow,http://tradeflowhq.ie/,FinTech,@tradeflowhq,"NDRC, Accenture"
Tradey,http://www.gettradey.com/,Enterprise,@gettradey,"Bank of Ireland, IVCA, DIT Hothouse"
Trakax,http://www.trakax.com/,Entertainment & Publishing,,Trinity Research & Innovation
TransferMate Global Payments,http://www.transfermate.com,FinTech,,Crunchbase
Transpoco,http://www.transpoco.com/,Travel,,
Traptec Ltd,http://traptec.eu/,Hardware & IoT,,EI
Travayl,http://www.ndrc.ie/projects/travayl/,Travel,,NDRC
Travel Bay,http://travelbay.co/,Travel,,
Treasury Delta,www.TreasuryDelta.com,FinTech,,Accenture
Treasury HQ,www.treasuryhq.com,FinTech,,DIT Hothouse
Treatdrop,http://www.treatdrop.co/,Travel,,AIB
Treo,http://www.treo.watch/,Sports,,DCU Ryan Academy
TrialView Ltd,http://www.trialview.com/,Enterprise,,NDRC
TribeFoodie,http://www.TRIBEfoodie.com,Social Media,@tribefoodie,"Bank of Ireland, IVCA"
Trilabrynth,http://www.trilabyrinth.com/,Entertainment & Publishing,,AIB
TriMod Therapeutics,http://www.trimodtherapeutics.com/,MedTech,,"AIB, Bank of Ireland, IVCA, Trinity Research & Innovation"
Trinity Green Energies Ltd,http://trinitygreenenergies.com/,Environment (green/clean),,Trinity Research & Innovation
Trino Therapeutics,http://trinotherapeutics.com,MedTech,,"Bank of Ireland, IVCA, Trinity Research & Innovation"
TripClocker,http://tripclocker.com,Travel,@tripclocker,"EI HPSU, DIT Hothouse"
TripCrystal,http://www.tripcrystal.com,Travel,@tripcrystal,"Bank of Ireland, IVCA, GEC"
True Pivot,http://truepivot.com/,Big Data & Analytics,@truepivot,"Bank of Ireland, IVCA, Dublin BIC, NDRC"
Trustev,www.trustev.com,Security & Encryption,,"Dogpatch Labs, Accenture"
TrustHub,http://trusthub.ie/,Enterprise,@_TrustHub,"Dublin BIC, DIT Hothouse"
Tubett,http://www.tubett.com,Entertainment & Publishing,@tubetting,NDRC
Tucr,http://tucr.io/,Advertising & Marketing,,Web Summit
TuneTrak,http://tunetrack.net/,Entertainment & Publishing,,NDRC
Turn2me,www.Turn2me.org,Philanthropy & Social Good,,Silicon Republic
Tuuway Technologies Limited,http://tuuway.com,Enterprise,@tuuway,Crunchbase
TVadSync,http://tvadsync.com,Advertising & Marketing,,"Bank of Ireland, IVCA, Dublin BIC, HBAN, TVadSync"
Twiddle,http://www.twiddle.ie,Advertising & Marketing,@TwiddleTeam,NDRC
TwoTen Health,http://www.twotenhealth.com/,Enterprise,,AIB
Ubanquity Systems,http://www.ubanquity.com,FinTech,,Crunchbase
Ultan Technologies,http://www.ultantechnologies.com/,Enterprise,,LEO
Unified Media,http://www.unifiedmedia.ie/,Advertising & Marketing,,NDRC
Unipupil,https://unipupil.com/en,Big Data & Analytics,,DCU Ryan Academy
Unique Digital,http://www.uniquedigitalcinema.com/,Enterprise,,AIB
UniTuition,http://www.unituition.com,EdTech,@unituitionHQ,"NDRC, Trinity Research & Innovation"
Uooka,http://uooka.com/,Enterprise,,
Upcellr Technologies,http://upcellr.weebly.com/,Advertising & Marketing,,GEC
Uppiddee,http://www.uppiddee.com,HR & Recruitment,@Uppiddee,"Bank of Ireland, IVCA"
UrAbility,http://www.urability.com/,EdTech,,Invent DCU
Urban Fox,http://www.urbanfox.ie/,Advertising & Marketing,,
Urbanvolt,http://www.urbanvolt.com/,Environment (green/clean),,DCU Innovation
Usher,http://www.Ushertheapp.com,Entertainment & Publishing,,LEO
Usheru,http://usheru.com,Entertainment & Publishing,@usheruhq,DCSO
Utility Saver Ireland,http://www.utilitysaver.ie/2010a/,Environment (green/clean),,EI
Uvoice,http://www.ndrc.ie/projects/uvoice/,Social Media,,NDRC
V-Learning,http://v-learningsolutions.com/,EdTech,,NDRC
Valentia Technologies,http://www.valentiatech.com/,Digital Health,,"AIB, IBEC, ISA"
Vasorum,http://www.vasorum.ie/,MedTech,,AIB
vCloud,https://vcloud.ie/,Enterprise,,AIB
Verifly Holdings,http://verifly.com,Hardware & IoT,,Maynooth University spinout
Verteco Energy,http://www.verteco.ie/,Environment (green/clean),,Crunchbase
Vertice,http://www.vertice.ie/,Enterprise,@Vertice_ie,Crunchbase
Vicinity Systems,http://www.VicinitySystems.com,Travel,@VicinitySystems,"Dublin BIC, HBAN"
ViClarity,www.ViClarity.com,Enterprise,,Accenture
Vidappt,http://www.vidappt.com,Enterprise,@vidappt,"Bank of Ireland, IVCA"
Viddyad,http://www.viddyad.com/,Advertising & Marketing,@viddyad,Dogpatch Labs
Video Agora,http://videoagora.com/,Entertainment & Publishing,,Accenture
Videobot,http://vbot.tv,Entertainment & Publishing,@vbottv,"Maynooth University, Accenture"
VideoDoc,http://www.videodoc.ie,MedTech,@VideoDocEU,DCSO
VideoElephant,http://www.videoelephant.com/,Advertising & Marketing,@VideoElephant,"NDRC, DCU Ryan Academy"
Vidiro Analytics,http://www.vidiro.com/,Advertising & Marketing,@VidiroAnalytics,"Bank of Ireland, IVCA, Nova UCD"
Vigitrust,http://www.vigitrust.com,Enterprise,@VigiTrust,"AIB, Dublin BIC, Accenture"
ViralM,http://viralm.tv/,Entertainment & Publishing,,DCU Ryan Academy
VisibleThread,http://www.visiblethread.com/,Enterprise,@VisibleThread,AIB
VisiLit,http://www.visilit.com,Entertainment & Publishing,@visilit,"Bank of Ireland, IVCA, DIT Hothouse"
Vision Augmented Reality Ltd.,www.vision.ar.com,Entertainment & Publishing,@youcncallmecano,DIT Hothouse
VisionDirect,http://www.visiondirect.ie/,eCommerce,,Crunchbase
Visual ID,www.ViClarity.com,Advertising & Marketing,@visualidtweets,"Dublin BIC, Synergy Centre"
Vitamatics,http://vitamatics.com/,Digital Health,,DCU Ryan Academy
Vitar Software,http://www.vitarvisitor.com/,Enterprise,@VitarSoftware,"AIB, Bank of Ireland, IVCA"
VizLegal,https://www.vizlegal.com/,Enterprise,,AIB
Vizolve,http://www.seesearch.io,Enterprise,,IADT Media Cube
Volteneo,http://volteneo.com/,FinTech,@volteneo,"Bank of Ireland, IVCA"
Von Bismark,http://www.vonbismark.com,eCommerce,@thevonbismark,NDRC
Vordel,http://www.vordel.com,Enterprise,,AIB
VRM Technology,http://www.vrmtechnology.co.uk,Enterprise,,"Dublin BIC, Nova UCD"
VS School,http://www.vsware.ie,EdTech,@vswarehq,"Bank of Ireland, IVCA"
vStream,http://www.vstream.ie/,Advertising & Marketing,@vstream,Crunchbase
Vu2Vu,http://vu2vu.com/,Telecommunications & Networking,@vu2vusa,"AIB, GEC"
Waratek,http://www.waratek.com,Security & Encryption,@waratek,"AIB, Bank of Ireland, IVCA, Accenture"
Warducks,www.warducks.com,Entertainment & Publishing,,Dell
Warmer Wedge,https://www.crunchbase.com/organization/warmer-wedge#/entity,Hardware & IoT,,Accenture
Wattics,http://www.wattics.com,Environment (green/clean),@wattics,"Bank of Ireland, IVCA, Dublin BIC, Nova UCD, Accenture"
Wattles,www.wattless.ie,Environment (green/clean),,DCU Innovation
Wattspot,http://wattspot.ie/,Environment (green/clean),@watt_spot,"Bank of Ireland, IVCA, IADT Media Cube, Silicon Republic, DIT Hothouse"
Way2Pay,http://www.way2pay.ie,FinTech,@schoolspaceie,"NDRC, DCU Ryan Academy"
Web Reservations International,http://www.webresint.com,Travel,,"Bank of Ireland, IVCA"
Web TV,http://www.unifiedmedia.ie,Advertising & Marketing,,"Bank of Ireland, IVCA"
Webdoctor,www.webdoctor.ie,Digital Health,,
Websmartkids,http://www.webkids.ie/,EdTech,@_webkids,Web Summit
WeDevelop Limited,http://wedevelop.ie/,Telecommunications & Networking,@wedevelopie,
Wellclever,http://wellclever.com/,Advertising & Marketing,@wellclever,Dublin BIC
Welocalize,http://www.welocalize.com,Enterprise,@welocalize,Crunchbase
Wesavvy,http://wesavvy.com/,Digital Health,@wesavvyapp,"Techstars, Accenture"
WhatClinic,http://www.whatclinic.com,Digital Health,@whatclinic,"AIB, Bank of Ireland, IVCA"
WhatSalon,http://www.whatsalon.com/,Enterprise,,Accenture
WholeWorldBand,https://www.wholeworldband.com/,Entertainment & Publishing,,Silicon Republic
Winicabs,http://www.winicabs.com,Travel,@winitechnology,Crunchbase
Wirelite Sensors,http://endeco-technologies.com/,Environment (green/clean),,IVCA
Wishbase,http://www.wishbase.com,Enterprise,@wishbase,"Bank of Ireland, IVCA"
Woopie,http://woop.ie,Enterprise,@makewoopie,"AIB, Bank of Ireland, IVCA, Dublin BIC"
WorkCompass,www.workcompass.com,HR & Recruitment,,Accenture
Worky,http://www.worky.com,HR & Recruitment,@workyworks,"Bank of Ireland, IVCA"
WorldBox,WorldBOX.ie,Enterprise,,
WorldNet,http://worldnettps.com,FinTech,,Accenture
Wripl,http://wripl.com,Enterprise,@wripl,"Trinity Research & Innovation, Accenture"
Writing for Tiny,http://www.writingfortiny.com,Entertainment & Publishing,@writingfortiny,"DIT Hothouse, Trinity Research & Innovation"
Xcelerit,http://www.xcelerit.com,FinTech,@xcelerit,Trinity Research & Innovation
Xiam,http://www.xiam.com,Advertising & Marketing,,Crunchbase
Xilinx,http://www.xilinx.com,Enterprise,@XilinxInc,Crunchbase
Xintec,http://www.xintec.com,Security & Encryption,@XINTECGlobal,AIB
Xlnglabs,www.xlnglabs.com,Entertainment & Publishing,,DIT Hothouse
Xlrollup,https://xlrollup.com/,FinTech,,NDRC
Xoftsilicon,http://www.xoftsilicon.com,Enterprise,,Crunchbase
Xpertivity,http://www.xpertivity.com/,Enterprise,,AIB
Xpreso,http://web.xpreso.com/,eCommerce,@xpresosoftware,"Web Summit, NDRC, Accenture"
XSellco,http://www.xsellco.com/,eCommerce,@Xsellco,
Xtreme Push,https://xtremepush.com/,Advertising & Marketing,,DCU
Xwerx,http://xwerx.com/,Enterprise,@xwerx,"AIB, Digital Hub"
YapMe,http://www.yapme.co/,Social Media,@GetYapMe,NDRC
Yapping,http://irishyapping.com/,Social Media,@IrishYapping,Silicon Republic
YellowSchedule,http://www.yellowschedule.com,Digital Health,@yellowschedule,"AIB, Bank of Ireland, IVCA, Accenture"
Yendo,http://www.yendo.com,FinTech,@yendobusiness,Crunchbase
Yohgo,http://www.yohgo.com/,Philanthropy & Social Good,,
Your Smile Direct,http://www.yoursmiledirect.com/,Digital Health,@Yoursmiledirect,DIT Hothouse
Zamano,http://Zamano.com,Advertising & Marketing,@zamano,AIB
Zapplab,http://www.zapplab.net,Enterprise,@zapplab,Crunchbase
Zeduki,http://zeduki.com,EdTech,@zeduki,Crunchbase
Zend Technologies,http://www.zend.com,Enterprise,@zend,Digital Hub
ZenDoc,http://www.getzendoc.com,Enterprise,@zendochq,NDRC
ZenFieldservice,http://www.ZenFieldservice.com,Enterprise,@ZenFieldservice,Crunchbase
Zerogrey,http://www.zerogrey.com,eCommerce,@zerogrey,AIB
ZeroTouch,http://www.zerotouch.ie,Enterprise,,Crunchbase
Zeto,http://www.zeto.ie,Big Data & Analytics,,DCU Ryan Academy
Zignals,http://www.zignals.com,FinTech,@zignals,AIB
